"cod_mun";"n_bpc_cadunico";"comdireito_a_bpc";"desv_pad_n_bpc_cadunico";"desv_pad_bpc";"Município";"idosos";"Total";"prop_idosos_cadunico";"direito_bpc_prop_idosos";"ano"
"320010";0;43,2041493159395;0;15,2749595083258;"Afonso Cláudio";2993;32601;0,0144350649234679;0,0144350649234679;2012
"320013";0;21,6042068541318;0;13,2298061723247;"Águia Branca";787;10034;0,0274513428896211;0,0274513428896211;2012
"320016";0;10,8021034270659;0;7,63823552667135;"Água Doce do Norte";1135;12235;0,00951727174190828;0,00951727174190828;2012
"320020";0;5,40105171353295;0;5,40105171361573;"Alegre";3234;32299;0,00167008401779003;0,00167008401779003;2012
"320030";0;16,2031551405988;0;9,35488359353682;"Alfredo Chaves";1429;14800;0,0113388069563323;0,0113388069563323;2012
"320035";0;27,0052585676648;0;14,2898153217703;"Alto Rio Novo";584;7794;0,046241881109015;0,046241881109015;2012
"320040";0;48,6094654217965;0;19,4737014469258;"Anchieta";1839;26162;0,0264325532473064;0,0264325532473064;2012
"320050";0;37,8073619947306;0;14,2897828810813;"Apiacá";840;7911;0,0450087642794412;0,0450087642794412;2012
"320060";0;313,260999384911;0;43,8780650874202;"Aracruz";4703;89767;0,0666087602349375;0,0666087602349375;2012
"320070";0;37,8073619947306;0;16,2031074573607;"Atilio Vivacqua";834;10698;0,0453325683390056;0,0453325683390056;2012
"320080";0;59,4115688488625;0;17,9131433956768;"Baixo Guandu";2925;30950;0,0203116474696966;0,0203116474696966;2012
"320090";0;297,034700966383;0;42,8659157532465;"Barra de São Francisco";3550;43514;0,0836717467510937;0,0836717467510937;2012
"320100";0;54,0105171353295;0;17,0795233933556;"Boa Esperança";1141;15092;0,0473361236944167;0,0473361236944167;2012
"320110";0;21,6042068541318;0;13,2298061723247;"Bom Jesus do Norte";986;10053;0,0219109602983081;0,0219109602983081;2012
"320115";0;27,0052585676648;0;12,0770867945861;"Brejetuba";584;12624;0,046241881109015;0,046241881109015;2012
"320120";0;340,271875930105;0;46,147046194364;"Cachoeiro de Itapemirim";15127;203422;0,0224943396529454;0,0224943396529454;2012
"320130";0;1069,39225606997;0;83,3203399654996;"Cariacica";21840;372981;0,0489648468896505;0,0489648468896505;2012
"320140";NA;NA;NA;NA;"Castelo";3447;37075;NA;NA;2012
"320150";0;189,040344256194;0;35,4175995466914;"Colatina";9432;119666;0,0200424453197831;0,0200424453197831;2012
"320160";0;70,2136722759283;0;19,4737383660571;"Conceição da Barra";1865;30418;0,0376480816492913;0,0376480816492913;2012
"320170";0;27,0052585676648;0;12,0770867945861;"Conceição do Castelo";1031;12484;0,0261932672819251;0,0261932672819251;2012
"320180";0;5,40105171353295;0;5,40105171361573;"Divino de São Lourenço";311;4709;0,017366725766987;0,017366725766987;2012
"320190";0;21,6042068541318;0;10,8020819697722;"Domingos Martins";2681;33876;0,00805826439915397;0,00805826439915397;2012
"320200";NA;NA;NA;NA;"Dores do Rio Preto";487;6795;NA;NA;2012
"320210";0;156,647613885433;0;31,9564480449047;"Ecoporanga";2118;24356;0,0739601576418474;0,0739601576418474;2012
"320220";NA;NA;NA;NA;"Fundão";1525;18762;NA;NA;2012
"320225";NA;NA;NA;NA;"Governador Lindenberg";936;11783;NA;NA;2012
"320230";0;43,2084137082636;0;18,7097382812811;"Guaçuí";2649;29866;0,0163112169529119;0,0163112169529119;2012
"320240";0;151,225365751193;0;31,4923318491509;"Guarapari";8129;114468;0,018603194212227;0,018603194212227;2012
"320245";0;43,2084137082636;0;15,2764103623823;"Ibatiba";1727;24232;0,0250193478333895;0,0250193478333895;2012
"320250";0;21,6042068541318;0;10,8020819697722;"Ibiraçu";943;12005;0,0229100814996095;0,0229100814996095;2012
"320255";0;16,2031551405988;0;9,35488359353682;"Ibitirama";610;9407;0,0265625494108178;0,0265625494108178;2012
"320260";0;5,40105171353295;0;5,40105171361573;"Iconha";1120;13425;0,0048223676013687;0,0048223676013687;2012
"320265";NA;NA;NA;NA;"Irupi";865;12645;NA;NA;2012
"320270";0;27,0052585676648;0;14,2898153217703;"Itaguaçu";1665;14851;0,016219374515114;0,016219374515114;2012
"320280";0;253,849430536049;0;37,0275224911972;"Itapemirim";2340;33278;0,108482662622243;0,108482662622243;2012
"320290";0;10,8021034270659;0;7,63823552667135;"Itarana";1220;11381;0,00885418313693926;0,00885418313693926;2012
"320300";0;37,8073619947306;0;14,2897828810813;"Iúna";1994;29090;0,0189605626854216;0,0189605626854216;2012
"320305";0;48,6094654217965;0;19,4737014469258;"Jaguaré";1422;27062;0,0341838716046389;0,0341838716046389;2012
"320310";0;21,6042068541318;0;10,8020819697722;"Jerônimo Monteiro";1223;11621;0,0176649279265182;0,0176649279265182;2012
"320313";0;27,0052585676648;0;14,2898153217703;"João Neiva";1534;16790;0,0176044710349835;0,0176044710349835;2012
"320316";0;10,8021034270659;0;7,63823552667135;"Laranja da Terra";1248;11408;0,00865553159220024;0,00865553159220024;2012
"320320";0;513,108211178363;0;55,8692085497783;"Linhares";8525;154811;0,0601886464725353;0,0601886464725353;2012
"320330";0;37,8073619947306;0;16,2031074573607;"Mantenópolis";1299;14648;0,0291049745917865;0,0291049745917865;2012
"320332";0;48,6094654217965;0;16,2030693102056;"Marataízes";2837;36738;0,0171341083615779;0,0171341083615779;2012
"320334";0;37,8073619947306;0;16,2031074573607;"Marechal Floriano";1156;15464;0,0327053304452687;0,0327053304452687;2012
"320335";0;10,8021034270659;0;10,8021034272315;"Marilândia";1095;11958;0,00986493463658986;0,00986493463658986;2012
"320340";0;135,042632707605;0;28,0680029029052;"Mimoso do Sul";2493;27288;0,0541687255144825;0,0541687255144825;2012
"320350";0;183,660630242564;0;32,4105677162558;"Montanha";1775;18960;0,103470777601444;0,103470777601444;2012
"320360";0;10,8021034270659;0;7,63823552667135;"Mucurici";542;5922;0,0199300801237378;0,0199300801237378;2012
"320370";0;59,4115688488625;0;20,9180854593998;"Muniz Freire";1583;19169;0,0375309973776769;0,0375309973776769;2012
"320380";0;10,8021034270659;0;10,8021034272315;"Muqui";1483;15342;0,0072839537606648;0,0072839537606648;2012
"320390";0;189,022547544966;0;33,726878315127;"Nova Venécia";3636;49189;0,0519863992147871;0,0519863992147871;2012
"320400";0;21,6042068541318;0;10,8020819697722;"Pancas";1762;22975;0,0122611843667036;0,0122611843667036;2012
"320405";0;70,2136722759283;0;20,9180411368521;"Pedro Canário";1459;25480;0,048124518352247;0,048124518352247;2012
"320410";0;118,808237596133;0;27,5365512545575;"Pinheiros";1960;25732;0,0606164477531293;0,0606164477531293;2012
"320420";NA;NA;NA;NA;"Piúma";1386;19749;NA;NA;2012
"320425";0;64,8126205623954;0;20,2087607871736;"Ponto Belo";703;7509;0,0921943393490688;0,0921943393490688;2012
"320430";0;5,40105171353295;0;5,40105171361573;"Presidente Kennedy";826;11038;0,0065388035272796;0,0065388035272796;2012
"320435";0;10,8021034270659;0;7,63823552667135;"Rio Bananal";1342;18744;0,00804925739721751;0,00804925739721751;2012
"320440";0;27,0052585676648;0;14,2898153217703;"Rio Novo do Sul";1104;11967;0,0244612849344789;0,0244612849344789;2012
"320450";0;21,6042068541318;0;13,2298061723247;"Santa Leopoldina";1143;12879;0,0189013183325738;0,0189013183325738;2012
"320455";0;16,2031551405988;0;9,35488359353682;"Santa Maria de Jetibá";2296;37141;0,00705712331907615;0,00705712331907615;2012
"320460";0;10,8021034270659;0;7,63823552667135;"Santa Teresa";2274;23276;0,00475026535930778;0,00475026535930778;2012
"320465";0;27,0052585676648;0;12,0770867945861;"São Domingos do Norte";719;8536;0,0375594694960567;0,0375594694960567;2012
"320470";0;16,2031551405988;0;9,35488359353682;"São Gabriel da Palha";2432;34669;0,00666248155452255;0,00666248155452255;2012
"320480";0;21,6042068541318;0;13,2298061723247;"São José do Calçado";1275;10974;0,0169444759640249;0,0169444759640249;2012
"320490";0;513,117842388348;0;61,3457461771808;"São Mateus";6479;118748;0,0791970739911018;0,0791970739911018;2012
"320495";0;16,2031551405988;0;12,0771123844109;"São Roque do Canaã";1110;12074;0,0145974370636026;0,0145974370636026;2012
"320500";0;831,761963884074;0;72,057772601737;"Serra";19499;449362;0,0426566472067324;0,0426566472067324;2012
"320501";0;48,6094654217965;0;16,2030693102056;"Sooretama";1184;26266;0,0410552917413822;0,0410552917413822;2012
"320503";0;54,0105171353295;0;20,2088028422481;"Vargem Alta";1455;20541;0,0371206303335598;0,0371206303335598;2012
"320506";0;10,8021034270659;0;7,63823552667135;"Venda Nova do Imigrante";1520;22426;0,00710664699149072;0,00710664699149072;2012
"320510";0;97,2153032740646;0;24,1532883215896;"Viana";3471;70890;0,028007866111802;0,028007866111802;2012
"320515";NA;NA;NA;NA;"Vila Pavão";710;9223;NA;NA;2012
"320517";0;16,2031551405988;0;9,35488359353682;"Vila Valério";938;14592;0,0172741526019177;0,0172741526019177;2012
"320520";0;864,176918141501;0;72,8635705227142;"Vila Velha";31497;451161;0,0274368009061657;0,0274368009061657;2012
"320530";0;826,360912170541;0;73,0628617675521;"Vitória";28482;353043;0,0290134440057068;0,0290134440057068;2012
"320010";0;59,1877200509751;0;19,4003774513496;"Afonso Cláudio";3066;32551;0,0193045401340428;0,0193045401340428;2013
"320013";0;5,38126182281592;0;5,38126182273421;"Águia Branca";829;10045;0,00649126878506142;0,00649126878506142;2013
"320016";0;21,5250472912637;0;10,7624994034705;"Água Doce do Norte";1164;12164;0,0184923086694705;0,0184923086694705;2013
"320020";0;32,2875709368955;0;15,2204669077263;"Alegre";3353;32267;0,0096294574819253;0,0096294574819253;2013
"320030";NA;NA;NA;NA;"Alfredo Chaves";1475;14859;NA;NA;2013
"320035";0;10,7625236456318;0;7,61024773870911;"Alto Rio Novo";611;7841;0,0176146049846675;0,0176146049846675;2013
"320040";0;43,0500945825274;0;17,0169750514124;"Anchieta";1929;26658;0,0223173118623781;0,0223173118623781;2013
"320050";0;26,9063091140796;0;12,0328311031303;"Apiacá";886;7916;0,0303682947111508;0,0303682947111508;2013
"320060";0;344,418420660219;0;47,5281685049353;"Aracruz";4920;91562;0,0700037440366299;0,0700037440366299;2013
"320070";0;5,38126182281592;0;5,38126182273421;"Atilio Vivacqua";873;10862;0,00616410288982351;0,00616410288982351;2013
"320080";0;129,164587747582;0;28,4780495299267;"Baixo Guandu";3021;31126;0,0427555735675545;0,0427555735675545;2013
"320090";0;269,082491140796;0;39,5466783971766;"Barra de São Francisco";3657;43882;0,0735801178946667;0,0735801178946667;2013
"320100";0;48,4313564053433;0;17,8475410910352;"Boa Esperança";1174;15169;0,0412532848427115;0,0412532848427115;2013
"320110";0;10,7625236456318;0;7,61024773870911;"Bom Jesus do Norte";1020;10095;0,0105514937702273;0,0105514937702273;2013
"320115";0;5,38126182281592;0;5,38126182273421;"Brejetuba";607;12669;0,00886534072951552;0,00886534072951552;2013
"320120";0;414,362165356826;0;50,1932804903444;"Cachoeiro de Itapemirim";15835;205213;0,0261674875501627;0,0261674875501627;2013
"320130";0;1210,78773513358;0;89,2365008509421;"Cariacica";22804;375974;0,0530954102409043;0,0530954102409043;2013
"320140";NA;NA;NA;NA;"Castelo";3581;37331;NA;NA;2013
"320150";0;150,680175038846;0;30,4419086951526;"Colatina";9843;120677;0,0153083587360404;0,0153083587360404;2013
"320160";0;129,149779747582;0;27,4389840075431;"Conceição da Barra";1925;30659;0,0670907946740686;0,0670907946740686;2013
"320170";0;32,2875709368955;0;13,1812961543894;"Conceição do Castelo";1100;12579;0,0293523372153596;0,0293523372153596;2013
"320180";NA;NA;NA;NA;"Divino de São Lourenço";317;4688;NA;NA;2013
"320190";0;16,1437854684478;0;9,32060489006832;"Domingos Martins";2798;34059;0,00576975892367683;0,00576975892367683;2013
"320200";NA;NA;NA;NA;"Dores do Rio Preto";507;6827;NA;NA;2013
"320210";0;209,856575089821;0;36,0962896453358;"Ecoporanga";2192;24327;0,0957374886358672;0,0957374886358672;2013
"320220";NA;NA;NA;NA;"Fundão";1597;19177;NA;NA;2013
"320225";NA;NA;NA;NA;"Governador Lindenberg";970;11953;NA;NA;2013
"320230";0;43,0500945825274;0;15,2204269105649;"Guaçuí";2771;30144;0,0155359417475739;0,0155359417475739;2013
"320240";0;150,684711038846;0;30,4428250977625;"Guarapari";8514;116278;0,0176984626543159;0,0176984626543159;2013
"320245";0;32,2875709368955;0;13,1812961543894;"Ibatiba";1788;24575;0,0180579255799192;0,0180579255799192;2013
"320250";0;10,7625236456318;0;7,61024773870911;"Ibiraçu";988;12124;0,0108932425563075;0,0108932425563075;2013
"320255";0;16,1437854684478;0;9,32060489006832;"Ibitirama";635;9400;0,0254232842022799;0,0254232842022799;2013
"320260";0;10,7625236456318;0;10,7625236454684;"Iconha";1165;13548;0,00923821772157239;0,00923821772157239;2013
"320265";0;5,38126182281592;0;5,38126182273421;"Irupi";902;12798;0,00596592219824381;0,00596592219824381;2013
"320270";0;10,7625236456318;0;7,61024773870911;"Itaguaçu";1736;14844;0,00619961039494922;0,00619961039494922;2013
"320280";0;258,310503495164;0;40,2710358764535;"Itapemirim";2455;33610;0,105218127696605;0,105218127696605;2013
"320290";0;10,7625236456318;0;7,61024773870911;"Itarana";1267;11349;0,0084944938008144;0,0084944938008144;2013
"320300";0;53,8126182281592;0;17,0169290558145;"Iúna";2064;29258;0,0260720049555035;0,0260720049555035;2013
"320305";0;21,5250472912637;0;10,7624994034705;"Jaguaré";1481;27599;0,01453413051402;0,01453413051402;2013
"320310";0;16,1437854684478;0;9,32060489006832;"Jerônimo Monteiro";1274;11707;0,0126717311369292;0,0126717311369292;2013
"320313";0;26,9063091140796;0;14,2374530354249;"João Neiva";1592;16869;0,0169009479359796;0,0169009479359796;2013
"320316";0;16,1437854684478;0;9,32060489006832;"Laranja da Terra";1285;11418;0,0125632571738893;0,0125632571738893;2013
"320320";0;521,980359813144;0;56,6943340697371;"Linhares";8873;157814;0,0588279454314374;0,0588279454314374;2013
"320330";0;26,9063091140796;0;14,2374530354249;"Mantenópolis";1344;14808;0,0200195752336902;0,0200195752336902;2013
"320332";0;43,0500945825274;0;15,2204269105649;"Marataízes";2955;37140;0,0145685599264052;0,0145685599264052;2013
"320334";0;10,7625236456318;0;7,61024773870911;"Marechal Floriano";1191;15689;0,0090365437830662;0,0090365437830662;2013
"320335";NA;NA;NA;NA;"Marilândia";1135;12092;NA;NA;2013
"320340";0;129,164443747582;0;27,4420995022825;"Mimoso do Sul";2594;27309;0,0497935403807178;0,0497935403807178;2013
"320350";0;231,423756381085;0;38,4346365402331;"Montanha";1827;19049;0,12666872270448;0,12666872270448;2013
"320360";0;37,6688327597114;0;17,8475800733809;"Mucurici";562;5909;0,0670263928108744;0,0670263928108744;2013
"320370";0;26,9063091140796;0;14,2374530354249;"Muniz Freire";1648;19081;0,0163266438799027;0,0163266438799027;2013
"320380";0;21,5250472912637;0;10,7624994034705;"Muqui";1545;15438;0,0139320694441836;0,0139320694441836;2013
"320390";0;177,574347152925;0;34,4553697977141;"Nova Venécia";3752;49564;0,0473279176846816;0,0473279176846816;2013
"320400";0;43,0500945825274;0;17,0169750514124;"Pancas";1847;23125;0,0233081183446277;0,0233081183446277;2013
"320405";0;118,38776010195;0;28,4746128654569;"Pedro Canário";1514;25700;0,0781953501333885;0,0781953501333885;2013
"320410";0;113,019812279134;0;25,810610722744;"Pinheiros";2016;26023;0,0560614148209992;0,0560614148209992;2013
"320420";0;10,7625236456318;0;7,61024773870911;"Piúma";1450;20082;0,00742243010043575;0,00742243010043575;2013
"320425";NA;NA;NA;NA;"Ponto Belo";729;7590;NA;NA;2013
"320430";0;16,1437854684478;0;9,32060489006832;"Presidente Kennedy";856;11130;0,0188595624631399;0,0188595624631399;2013
"320435";0;10,7625236456318;0;7,61024773870911;"Rio Bananal";1399;18892;0,00769301189823577;0,00769301189823577;2013
"320440";0;10,7625236456318;0;10,7625236454684;"Rio Novo do Sul";1148;11993;0,00937502059724028;0,00937502059724028;2013
"320450";0;16,1437854684478;0;9,32060489006832;"Santa Leopoldina";1192;12881;0,0135434441849394;0,0135434441849394;2013
"320455";0;32,2875709368955;0;13,1812961543894;"Santa Maria de Jetibá";2400;37720;0,0134531545570398;0,0134531545570398;2013
"320460";0;10,7625236456318;0;7,61024773870911;"Santa Teresa";2373;23432;0,00453540819453512;0,00453540819453512;2013
"320465";0;5,38126182281592;0;5,38126182273421;"São Domingos do Norte";748;8595;0,00719420029788225;0,00719420029788225;2013
"320470";0;26,9063091140796;0;12,0328311031303;"São Gabriel da Palha";2551;35232;0,0105473575515796;0,0105473575515796;2013
"320480";0;26,9063091140796;0;14,2374530354249;"São José do Calçado";1327;10987;0,0202760430399997;0,0202760430399997;2013
"320490";0;581,174008864119;0;60,8811476448765;"São Mateus";6809;120725;0,0853537977477044;0,0853537977477044;2013
"320495";NA;NA;NA;NA;"São Roque do Canaã";1149;12179;NA;NA;2013
"320500";0;1076,26276456318;0;81,9640852365138;"Serra";21268;467318;0,0506047942713553;0,0506047942713553;2013
"320501";0;32,2875709368955;0;13,1812961543894;"Sooretama";1237;26843;0,0261015124793011;0,0261015124793011;2013
"320503";NA;NA;NA;NA;"Vargem Alta";1505;20744;NA;NA;2013
"320506";NA;NA;NA;NA;"Venda Nova do Imigrante";1598;22873;NA;NA;2013
"320510";0;107,621016456318;0;24,0647373328204;"Viana";3638;72115;0,0295824674151507;0,0295824674151507;2013
"320515";0;5,38126182281592;0;5,38126182273421;"Vila Pavão";742;9272;0,00725237442428021;0,00725237442428021;2013
"320517";0;26,9063091140796;0;14,2374530354249;"Vila Valério";980;14614;0,0274554174633465;0,0274554174633465;2013
"320520";0;1200,02763048795;0;86,2666943215159;"Vila Velha";33044;458489;0,0363160522481525;0,0363160522481525;2013
"320530";0;1103,13058867726;0;86,2643519953966;"Vitória";29210;348268;0,0377655114233914;0,0377655114233914;2013
"320010";0;57,9513062892624;0;17,4729577579059;"Afonso Cláudio";3200;32501;0,0181097832153945;0,0181097832153945;2014
"320013";0;5,26829043980825;0;5,26829043990341;"Águia Branca";867;10056;0,00607645956148587;0,00607645956148587;2014
"320016";0;31,6097419529832;0;12,9045755651673;"Água Doce do Norte";1213;12094;0,0260591442316432;0,0260591442316432;2014
"320020";0;10,5365801937502;0;7,45048181493767;"Alegre";3460;32234;0,00304525439125728;0,00304525439125728;2014
"320030";0;5,26829043980825;0;5,26829043990341;"Alfredo Chaves";1539;14914;0,00342319066914116;0,00342319066914116;2014
"320035";0;15,8048713194247;0;9,12493326188251;"Alto Rio Novo";639;7886;0,0247337579333721;0,0247337579333721;2014
"320040";0;42,1463231755328;0;18,2498350431853;"Anchieta";2016;27141;0,0209059142735778;0,0209059142735778;2014
"320050";0;5,2682900968751;0;5,26829009697076;"Apiacá";920;7922;0,00572640227921207;0,00572640227921207;2014
"320060";0;316,081405122063;0;44,7004288616935;"Aracruz";5153;93323;0,0613392984906002;0,0613392984906002;2014
"320070";0;5,2682900968751;0;5,26829009697076;"Atilio Vivacqua";905;11025;0,00582131502417138;0,00582131502417138;2014
"320080";0;68,4917926935642;0;20,4051756780151;"Baixo Guandu";3148;31296;0,0217572403727967;0,0217572403727967;2014
"320090";0;263,424719730691;0;38,7151830293345;"Barra de São Francisco";3820;44242;0,0689593507148405;0,0689593507148405;2014
"320100";0;26,3414518561081;0;11,7802206700231;"Boa Esperança";1230;15241;0,0214158145171611;0,0214158145171611;2014
"320110";0;15,8048709764916;0;9,12493306389114;"Bom Jesus do Norte";1054;10135;0,0149951337537871;0,0149951337537871;2014
"320115";0;5,26829043980825;0;5,26829043990341;"Brejetuba";641;12715;0,00821886184057449;0,00821886184057449;2014
"320120";0;316,10288668098;0;45,3201019311843;"Cachoeiro de Itapemirim";16509;206969;0,0191473067224532;0,0191473067224532;2014
"320130";0;1095,80650222027;0;80,9316037443958;"Cariacica";23829;378914;0,0459862563355687;0,0459862563355687;2014
"320140";NA;NA;NA;NA;"Castelo";3741;37583;NA;NA;2014
"320150";0;200,188234489049;0;34,9445801037609;"Colatina";10231;121671;0,0195668296832224;0,0195668296832224;2014
"320160";0;115,90261025633;0;24,710464528447;"Conceição da Barra";2022;30890;0,0573207765857221;0,0573207765857221;2014
"320170";0;15,8048709764916;0;9,12493306389114;"Conceição do Castelo";1144;12673;0,0138154466577724;0,0138154466577724;2014
"320180";0;10,5365808796165;0;7,45048229991659;"Divino de São Lourenço";333;4670;0,0316413840228724;0,0316413840228724;2014
"320190";NA;NA;NA;NA;"Domingos Martins";2909;34236;NA;NA;2014
"320200";0;10,5365801937502;0;7,45048181493767;"Dores do Rio Preto";528;6860;0,0199556443063451;0,0199556443063451;2014
"320210";0;57,9511948378907;0;17,4728139107302;"Ecoporanga";2270;24300;0,0255291607215378;0,0255291607215378;2014
"320220";NA;NA;NA;NA;"Fundão";1682;19585;NA;NA;2014
"320225";0;5,26829043980825;0;5,26829043990341;"Governador Lindenberg";1058;12124;0,00497948056692651;0,00497948056692651;2014
"320230";0;47,4146122436085;0;15,8047775702182;"Guaçuí";2895;30411;0,0163781044019373;0,0163781044019373;2014
"320240";0;194,921566490281;0;35,3397173459483;"Guarapari";9012;118055;0,0216291130149002;0,0216291130149002;2014
"320245";0;52,682903369283;0;21,0730798001497;"Ibatiba";1890;24915;0,0278745520472397;0,0278745520472397;2014
"320250";0;10,5365808796165;0;7,45048229991659;"Ibiraçu";1025;12246;0,0102795911020649;0,0102795911020649;2014
"320255";NA;NA;NA;NA;"Ibitirama";664;9388;NA;NA;2014
"320260";0;5,26829043980825;0;5,26829043990341;"Iconha";1216;13667;0,00433247569063178;0,00433247569063178;2014
"320265";0;21,0731610733667;0;10,5365572421846;"Irupi";949;12946;0,0222056491816298;0,0222056491816298;2014
"320270";0;5,26829043980825;0;5,26829043990341;"Itaguaçu";1804;14834;0,00292033838126843;0,00292033838126843;2014
"320280";0;189,64290308269;0;34,1395164203693;"Itapemirim";2559;33948;0,0741082075352442;0,0741082075352442;2014
"320290";0;5,26829043980825;0;5,26829043990341;"Itarana";1319;11318;0,00399415499606387;0,00399415499606387;2014
"320300";0;5,26829043980825;0;5,26829043990341;"Iúna";2146;29423;0,00245493496729182;0,00245493496729182;2014
"320305";0;26,3414518561081;0;11,7802206700231;"Jaguaré";1569;28126;0,0167886882448108;0,0167886882448108;2014
"320310";0;15,8048713194247;0;9,12493326188251;"Jerônimo Monteiro";1329;11798;0,0118923034758651;0,0118923034758651;2014
"320313";0;21,073161759233;0;12,9046075443991;"João Neiva";1648;16947;0,0127871127179812;0,0127871127179812;2014
"320316";0;5,2682900968751;0;5,26829009697076;"Laranja da Terra";1345;11430;0,00391694430994431;0,00391694430994431;2014
"320320";0;547,903252996917;0;58,1897403067723;"Linhares";9309;160769;0,0588573695345275;0,0588573695345275;2014
"320330";0;15,8048713194247;0;9,12493326188251;"Mantenópolis";1421;14965;0,0111223584232405;0,0111223584232405;2014
"320332";0;131,707513317401;0;31,1676305222828;"Marataízes";3124;37532;0,0421598954281053;0,0421598954281053;2014
"320334";0;10,5365801937502;0;7,45048181493767;"Marechal Floriano";1238;15909;0,00851096946183376;0,00851096946183376;2014
"320335";0;5,26829043980825;0;5,26829043990341;"Marilândia";1186;12221;0,00444206613811825;0,00444206613811825;2014
"320340";0;131,692660805108;0;27,3717412878827;"Mimoso do Sul";2680;27328;0,0491390525392194;0,0491390525392194;2014
"320350";0;179,14536689195;0;30,7230694883903;"Montanha";1908;19141;0,0938917017253409;0,0938917017253409;2014
"320360";0;10,5365808796165;0;7,45048229991659;"Mucurici";584;5898;0,0180420905472885;0,0180420905472885;2014
"320370";0;10,5365808796165;0;7,45048229991659;"Muniz Freire";1711;18997;0,00615814195185067;0,00615814195185067;2014
"320380";0;15,8048706335585;0;9,12493286589976;"Muqui";1600;15532;0,00987804414597403;0,00987804414597403;2014
"320390";0;94,8294093679202;0;22,3514658669755;"Nova Venécia";3923;49932;0,0241726763619475;0,0241726763619475;2014
"320400";0;21,0731614162999;0;10,5365574136498;"Pancas";1938;23273;0,0108736643014963;0,0108736643014963;2014
"320405";0;42,1463231755328;0;16,6597307593176;"Pedro Canário";1573;25921;0,0267935938814576;0,0267935938814576;2014
"320410";0;84,2928076174807;0;22,3514746066553;"Pinheiros";2106;26310;0,0400250748421086;0,0400250748421086;2014
"320420";NA;NA;NA;NA;"Piúma";1535;20397;NA;NA;2014
"320425";0;10,5365805366833;0;7,45048205742714;"Ponto Belo";756;7666;0,0139372758421737;0,0139372758421737;2014
"320430";0;47,4146129294748;0;15,8047777988359;"Presidente Kennedy";895;11221;0,0529772211502512;0,0529772211502512;2014
"320435";0;15,8048709764916;0;9,12493306389114;"Rio Bananal";1462;19034;0,0108104452643581;0,0108104452643581;2014
"320440";NA;NA;NA;NA;"Rio Novo do Sul";1186;12015;NA;NA;2014
"320450";0;36,8780317069251;0;13,9385241887335;"Santa Leopoldina";1239;12880;0,0297643516601494;0,0297643516601494;2014
"320455";0;21,073161759233;0;12,9046075443991;"Santa Maria de Jetibá";2516;38288;0,00837566047664269;0,00837566047664269;2014
"320460";0;21,0731614162999;0;10,5365574136498;"Santa Teresa";2471;23581;0,00852819158895178;0,00852819158895178;2014
"320465";NA;NA;NA;NA;"São Domingos do Norte";779;8652;NA;NA;2014
"320470";0;15,8048706335585;0;9,12493286589976;"São Gabriel da Palha";2654;35781;0,00595511327564373;0,00595511327564373;2014
"320480";0;10,5365808796165;0;7,45048229991659;"São José do Calçado";1373;11007;0,00767413028377021;0,00767413028377021;2014
"320490";0;352,983096084243;0;45,6254359758834;"São Mateus";7183;122668;0,0491414584552754;0,0491414584552754;2014
"320495";0;5,26829043980825;0;5,26829043990341;"São Roque do Canaã";1211;12281;0,00435036369926362;0,00435036369926362;2014
"320500";0;1296,01813854231;0;86,8860850286326;"Serra";22395;476429;0,0578708702184556;0,0578708702184556;2014
"320501";0;63,2194842488995;0;21,0730372650557;"Sooretama";1292;27407;0,0489314893567334;0,0489314893567334;2014
"320503";0;10,5365808796165;0;7,45048229991659;"Vargem Alta";1575;20942;0,00668989262197873;0,00668989262197873;2014
"320506";0;5,2682900968751;0;5,26829009697076;"Venda Nova do Imigrante";1700;23312;0,00309899417463241;0,00309899417463241;2014
"320510";0;126,439211716495;0;27,8771679838205;"Viana";3814;73318;0,0331513402507854;0,0331513402507854;2014
"320515";0;5,26829043980825;0;5,26829043990341;"Vila Pavão";770;9322;0,00684193563611461;0,00684193563611461;2014
"320517";0;26,3414521990412;0;13,9385599248363;"Vila Valério";1008;14635;0,0261323930546044;0,0261323930546044;2014
"320520";0;1322,3539613688;0;89,8691373743409;"Vila Velha";34814;465689;0,0379833963741255;0,0379833963741255;2014
"320530";0;995,729203692782;0;78,6727885410346;"Vitória";30644;352105;0,0324934474511415;0,0324934474511415;2014
"320010";0;31,2044459992342;0;12,7391544438579;"Afonso Cláudio";3307;32457;0,00943587722988636;0,00943587722988636;2015
"320013";0;5,20073010493015;0;5,20073010484463;"Águia Branca";914;10065;0,00569007670123649;0,00569007670123649;2015
"320016";0;10,4014603897149;0;7,35493829956619;"Água Doce do Norte";1258;12021;0,00826825150215808;0,00826825150215808;2015
"320020";NA;NA;NA;NA;"Alegre";3606;32208;NA;NA;2015
"320030";0;10,4014601049302;0;7,35493809819364;"Alfredo Chaves";1603;14977;0,00648874616651912;0,00648874616651912;2015
"320035";0;20,8029203147904;0;12,739120927595;"Alto Rio Novo";671;7932;0,0310028618700305;0,0310028618700305;2015
"320040";0;20,8029204197206;0;10,4014395210069;"Anchieta";2118;27621;0,00982196431525996;0,00982196431525996;2015
"320050";0;20,8029204197206;0;10,4014395210069;"Apiacá";972;7926;0,0214021815017702;0,0214021815017702;2015
"320060";0;317,245198641145;0;43,8219644098537;"Aracruz";5407;95058;0,0586730531979184;0,0586730531979184;2015
"320070";0;5,20073;0;5,20072999991462;"Atilio Vivacqua";944;11178;0,00550924788135593;0,00550924788135593;2015
"320080";0;234,033343925357;0;37,1405548814319;"Baixo Guandu";3278;31466;0,0713951628814389;0,0713951628814389;2015
"320090";0;182,018520823845;0;32,4771811628239;"Barra de São Francisco";3973;44598;0,045813873854479;0,045813873854479;2015
"320100";0;36,4051110942202;0;15,6021445795244;"Boa Esperança";1279;15321;0,0284637303316811;0,0284637303316811;2015
"320110";0;10,4014602098603;0;7,35493817239022;"Bom Jesus do Norte";1097;10176;0,00948173218765752;0,00948173218765752;2015
"320115";0;10,4014602098603;0;7,35493817239022;"Brejetuba";673;12757;0,0154553643534328;0,0154553643534328;2015
"320120";0;338,061367572674;0;45,6378180307807;"Cachoeiro de Itapemirim";17337;208701;0,0194994155605165;0,0194994155605165;2015
"320130";0;1154,57395562438;0;81,9001682702197;"Cariacica";24975;381798;0,0462291874123877;0,0462291874123877;2015
"320140";0;5,20073010493015;0;5,20073010484463;"Castelo";3914;37831;0,00132875066554168;0,00132875066554168;2015
"320150";0;223,636605138855;0;35,6550836038982;"Colatina";10707;122647;0,0208869529409596;0,0208869529409596;2015
"320160";0;57,2080310493015;0;17,248756000882;"Conceição da Barra";2114;31130;0,0270615094840594;0,0270615094840594;2015
"320170";0;5,20073010493015;0;5,20073010484463;"Conceição do Castelo";1216;12765;0,00427691620471229;0,00427691620471229;2015
"320180";0;5,20073010493015;0;5,20073010484463;"Divino de São Lourenço";345;4648;0,0150745800142903;0,0150745800142903;2015
"320190";0;10,4014603897149;0;7,35493829956619;"Domingos Martins";3049;34419;0,00341143338462278;0,00341143338462278;2015
"320200";0;5,20073010493015;0;5,20073010484463;"Dores do Rio Preto";556;6890;0,00935383112397509;0,00935383112397509;2015
"320210";0;31,2043805246508;0;12,7390927731292;"Ecoporanga";2365;24273;0,0131942412366388;0,0131942412366388;2015
"320220";NA;NA;NA;NA;"Fundão";1774;19987;NA;NA;2015
"320225";0;5,20073010493015;0;5,20073010484463;"Governador Lindenberg";1143;12285;0,0045500700830535;0,0045500700830535;2015
"320230";0;88,4124111542316;0;23,8325374907264;"Guaçuí";3049;30686;0,0289971830614076;0,0289971830614076;2015
"320240";0;228,826483921974;0;36,7736499856019;"Guarapari";9496;119801;0,0240971444736703;0,0240971444736703;2015
"320245";0;15,6021903147904;0;9,00791683343156;"Ibatiba";1978;25245;0,00788786163538445;0,00788786163538445;2015
"320250";0;5,20073010493015;0;5,20073010484463;"Ibiraçu";1072;12359;0,00485142733668857;0,00485142733668857;2015
"320255";0;10,4014602098603;0;7,35493817239022;"Ibitirama";697;9385;0,0149231853800004;0,0149231853800004;2015
"320260";0;10,4014602098603;0;7,35493817239022;"Iconha";1274;13789;0,00816441146770824;0,00816441146770824;2015
"320265";0;15,6021902098603;0;9,00791677285043;"Irupi";996;13097;0,0156648496082935;0,0156648496082935;2015
"320270";0;20,8029203147904;0;12,739120927595;"Itaguaçu";1892;14829;0,0109952010120457;0,0109952010120457;2015
"320280";0;239,222834684766;0;38,9167878476811;"Itapemirim";2687;34274;0,0890297114569281;0,0890297114569281;2015
"320290";0;5,20073010493015;0;5,20073010484463;"Itarana";1377;11289;0,00377685555913591;0,00377685555913591;2015
"320300";0;15,6021903147904;0;9,00791683343156;"Iúna";2235;29589;0,00698084577842973;0,00698084577842973;2015
"320305";0;41,6058410192958;0;16,4460938027575;"Jaguaré";1651;28643;0,025200388261233;0,025200388261233;2015
"320310";0;15,6021903147904;0;9,00791683343156;"Jerônimo Monteiro";1394;11876;0,0111923890350003;0,0111923890350003;2015
"320313";0;31,2043808094355;0;14,7098520259026;"João Neiva";1712;17023;0,0182268579494366;0,0182268579494366;2015
"320316";0;5,20073028478472;0;5,20073028469896;"Laranja da Terra";1399;11435;0,0037174626767582;0,0037174626767582;2015
"320320";0;743,682536314467;0;65,5758252321279;"Linhares";9749;163663;0,0762829558225938;0,0762829558225938;2015
"320330";0;15,6021903147904;0;9,00791683343156;"Mantenópolis";1493;15123;0,0104502279402481;0,0104502279402481;2015
"320332";0;26,0036503147904;0;13,7598149553094;"Marataízes";3286;37925;0,00791346631612613;0,00791346631612613;2015
"320334";0;10,4014602098603;0;7,35493817239022;"Marechal Floriano";1289;16126;0,00806940280051226;0,00806940280051226;2015
"320335";0;10,4014602098603;0;7,35493817239022;"Marilândia";1236;12351;0,008415420881764;0,008415420881764;2015
"320340";0;119,624263590818;0;27,0254166819815;"Mimoso do Sul";2792;27347;0,0428453666156226;0,0428453666156226;2015
"320350";0;218,462333274179;0;35,2780309616698;"Montanha";1982;19222;0,110223175214016;0,110223175214016;2015
"320360";0;20,8029204197206;0;10,4014395210069;"Mucurici";605;5885;0,0343849924292902;0,0343849924292902;2015
"320370";0;10,4014602098603;0;7,35493817239022;"Muniz Freire";1794;18913;0,00579791539011165;0,00579791539011165;2015
"320380";0;26,0036505246508;0;13,7598150346283;"Muqui";1672;15631;0,0155524225625902;0,0155524225625902;2015
"320390";0;145,614510782066;0;30,3238952105672;"Nova Venécia";4088;50300;0,035619987960388;0,035619987960388;2015
"320400";0;20,8029204197206;0;10,4014395210069;"Pancas";2041;23418;0,0101925136794319;0,0101925136794319;2015
"320405";0;67,6094913340862;0;18,7513498660324;"Pedro Canário";1636;26126;0,0413260949474855;0,0413260949474855;2015
"320410";0;109,200966599584;0;26,0001806064482;"Pinheiros";2192;26588;0,0498179592151387;0,0498179592151387;2015
"320420";0;15,602190494645;0;9,00791693727009;"Piúma";1622;20715;0,00961910634688349;0,00961910634688349;2015
"320425";0;5,20073010493015;0;5,20073010484463;"Ponto Belo";784;7747;0,00663358431751295;0,00663358431751295;2015
"320430";0;36,405110734511;0;13,7597837562229;"Presidente Kennedy";935;11309;0,0389359473096375;0,0389359473096375;2015
"320435";0;10,4014601049302;0;7,35493809819364;"Rio Bananal";1533;19180;0,00678503594581223;0,00678503594581223;2015
"320440";NA;NA;NA;NA;"Rio Novo do Sul";1240;12042;NA;NA;2015
"320450";NA;NA;NA;NA;"Santa Leopoldina";1299;12882;NA;NA;2015
"320455";0;10,4014602098603;0;7,35493817239022;"Santa Maria de Jetibá";2638;38850;0,00394293412049291;0,00394293412049291;2015
"320460";0;31,2043804197206;0;14,7098518881193;"Santa Teresa";2587;23734;0,0120619947505685;0,0120619947505685;2015
"320465";0;5,20073010493015;0;5,20073010484463;"São Domingos do Norte";816;8710;0,00637344375604185;0,00637344375604185;2015
"320470";0;31,2043804197206;0;14,7098518881193;"São Gabriel da Palha";2786;36328;0,0112004236969564;0,0112004236969564;2015
"320480";0;15,6021903147904;0;11,6291798794309;"São José do Calçado";1436;11012;0,0108650350381549;0,0108650350381549;2015
"320490";0;624,063979529968;0;61,5328208662384;"São Mateus";7584;124577;0,082286917132116;0,082286917132116;2015
"320495";0;15,6021903897149;0;9,00791687668896;"São Roque do Canaã";1273;12383;0,0122562375410172;0,0122562375410172;2015
"320500";0;1175,35936414641;0;83,8569749229714;"Serra";23758;485375;0,0494721510289758;0,0494721510289758;2015
"320501";0;26,0036505246508;0;13,7598150346283;"Sooretama";1355;27965;0,0191908859960522;0,0191908859960522;2015
"320503";0;5,20073010493015;0;5,20073010484463;"Vargem Alta";1647;21140;0,00315769891009724;0,00315769891009724;2015
"320506";0;20,8029204197206;0;10,4014395210069;"Venda Nova do Imigrante";1801;23747;0,011550760921555;0,011550760921555;2015
"320510";0;187,233744487902;0;32,0606094173383;"Viana";4012;74497;0,0466684308294871;0,0466684308294871;2015
"320515";0;10,4014602098603;0;7,35493817239022;"Vila Pavão";806;9368;0,0129050374812163;0,0129050374812163;2015
"320517";0;10,4014602098603;0;10,4014602096893;"Vila Valério";1053;14656;0,00987792992389392;0,00987792992389392;2015
"320520";0;1232,55396584606;0;87,4864914242977;"Vila Velha";36703;472759;0,0335818316171991;0,0335818316171991;2015
"320530";0;837,309328141128;0;71,496402219198;"Vitória";32299;355876;0,0259236920072178;0,0259236920072178;2015
"320010";0;16,022142925455;0;9,25037634366843;"Afonso Cláudio";3430,47368377823;NA;0,00467053369370514;0,00467053369370514;2016
"320013";0;21,36285723394;0;10,6814075082054;"Águia Branca";951,325253910111;NA;0,0224558920791128;0,0224558920791128;2016
"320016";0;10,68142861697;0;7,55290563260381;"Água Doce do Norte";1299,00722382478;NA;0,00822276306171703;0,00822276306171703;2016
"320020";0;32,0442858509101;0;15,1057863882234;"Alegre";3736,88796064234;NA;0,0085751261981646;0,0085751261981646;2016
"320030";0;5,34071430848501;0;5,34071430840704;"Alfredo Chaves";1669,53160201042;NA;0,00319892974895104;0,00319892974895104;2016
"320035";0;5,34071430848501;0;5,34071430840704;"Alto Rio Novo";701,704627927005;NA;0,00761105755317974;0,00761105755317974;2016
"320040";0;16,022142925455;0;9,25037634366843;"Anchieta";2242,27315739529;NA;0,00714549111584023;0,00714549111584023;2016
"320050";0;10,68142861697;0;7,55290563260381;"Apiacá";1007,52794551029;NA;0,0106016201978002;0,0106016201978002;2016
"320060";0;363,147403987382;0;48,9452810304429;"Aracruz";5739,23189521459;NA;0,0632745654153087;0,0632745654153087;2016
"320070";0;32,0442858509101;0;16,8887926208931;"Atilio Vivacqua";996,02548307361;NA;0,0321721546240217;0,0321721546240217;2016
"320080";0;117,488133448675;0;27,2305911296331;"Baixo Guandu";3419,64158869491;NA;0,0343568559456881;0,0343568559456881;2016
"320090";0;117,485314910023;0;26,1616731449682;"Barra de São Francisco";4162,57021244386;NA;0,0282242241965805;0,0282242241965805;2016
"320100";0;26,7035715424251;0;11,9421687754011;"Boa Esperança";1336,71584410705;NA;0,019976999345185;0,019976999345185;2016
"320110";NA;NA;NA;NA;"Bom Jesus do Norte";1142,13794455256;NA;NA;NA;2016
"320115";0;10,68142861697;0;7,55290563260381;"Brejetuba";704,067546503582;NA;0,0151710282202528;0,0151710282202528;2016
"320120";0;432,615245737875;0;50,9487755814496;"Cachoeiro de Itapemirim";18172,5961057011;NA;0,0238059132124856;0,0238059132124856;2016
"320130";0;1126,90765816409;0;83,5948253777587;"Cariacica";26229,3514208843;NA;0,0429636112643953;0,0429636112643953;2016
"320140";0;5,34071430848501;0;5,34071430840704;"Castelo";4087,03091986583;NA;0,00130674673453665;0,00130674673453665;2016
"320150";0;186,929125165771;0;33,3533630153935;"Colatina";11210,3260130626;NA;0,0166747269390699;0,0166747269390699;2016
"320160";0;58,7478573933351;0;17,7130287913047;"Conceição da Barra";2219,19759998514;NA;0,0264725671088183;0,0264725671088183;2016
"320170";0;16,022142925455;0;9,25037634366843;"Conceição do Castelo";1272,25197118726;NA;0,0125935296531734;0,0125935296531734;2016
"320180";0;5,34071430848501;0;5,34071430840704;"Divino de São Lourenço";357,860742554139;NA;0,0149240016392048;0,0149240016392048;2016
"320190";0;10,68142861697;0;7,55290563260381;"Domingos Martins";3184,63675353446;NA;0,00335404928210894;0,00335404928210894;2016
"320200";0;5,34071430848501;0;5,34071430840704;"Dores do Rio Preto";581,44444901024;NA;0,00918525289488309;0,00918525289488309;2016
"320210";0;69,4292860103051;0;19,2560670701227;"Ecoporanga";2452,07249727588;NA;0,0283145323343569;0,0283145323343569;2016
"320220";NA;NA;NA;NA;"Fundão";1880,66489491965;NA;NA;NA;2016
"320225";0;5,34071430848501;0;5,34071430840704;"Governador Lindenberg";1201,59264909324;NA;0,00444469622256367;0,00444469622256367;2016
"320230";0;48,0664287763651;0;17,7130712217973;"Guaçuí";3194,86441212408;NA;0,0150449041261217;0,0150449041261217;2016
"320240";0;352,477040047161;0;45,9409221316877;"Guarapari";10025,3788154459;NA;0,0351584759574478;0,0351584759574478;2016
"320245";0;16,022142925455;0;9,25037634366843;"Ibatiba";2085,70896323296;NA;0,00768186895098722;0,00768186895098722;2016
"320250";0;21,36285723394;0;13,0820105554767;"Ibiraçu";1125,05262177572;NA;0,0189883182532583;0,0189883182532583;2016
"320255";0;10,68142861697;0;7,55290563260381;"Ibitirama";724,941714831825;NA;0,0147341895195643;0,0147341895195643;2016
"320260";NA;NA;NA;NA;"Iconha";1333,47835373932;NA;NA;NA;2016
"320265";0;16,022142925455;0;9,25037634366843;"Irupi";1048,30359230542;NA;0,0152838767729673;0,0152838767729673;2016
"320270";0;5,34071430848501;0;5,34071430840704;"Itaguaçu";1956,05337856142;NA;0,00273035202772066;0,00273035202772066;2016
"320280";0;208,308213579737;0;34,2004494824642;"Itapemirim";2823,58048780621;NA;0,0737744911042301;0,0737744911042301;2016
"320290";NA;NA;NA;NA;"Itarana";1422,91939429008;NA;NA;NA;2016
"320300";0;42,7257144678801;0;18,5007242510245;"Iúna";2340,29835369516;NA;0,0182565246009848;0,0182565246009848;2016
"320305";0;48,0664287763651;0;16,0220584914047;"Jaguaré";1753,58092837727;NA;0,0274104422547779;0,0274104422547779;2016
"320310";NA;NA;NA;NA;"Jerônimo Monteiro";1455,41749811921;NA;NA;NA;2016
"320313";0;32,0442858509101;0;16,8887926208931;"João Neiva";1783,02896454185;NA;0,0179718257460522;0,0179718257460522;2016
"320316";0;5,34071430848501;0;5,34071430840704;"Laranja da Terra";1452,35085408051;NA;0,00367728933644361;0,00367728933644361;2016
"320320";0;635,564584059678;0;61,1283582706186;"Linhares";10344,5555885839;NA;0,0614395252282349;0,0614395252282349;2016
"320330";0;5,34071430848501;0;5,34071430840704;"Mantenópolis";1566,44616025193;NA;0,0034094464552973;0,0034094464552973;2016
"320332";0;42,7257144678801;0;16,8887614704565;"Marataízes";3452,75547860074;NA;0,012374381774986;0,012374381774986;2016
"320334";NA;NA;NA;NA;"Marechal Floriano";1358,69954645097;NA;NA;NA;2016
"320335";0;5,34071430848501;0;5,34071430840704;"Marilândia";1296,60706484663;NA;0,00411899213977886;0,00411899213977886;2016
"320340";0;149,549273379735;0;30,2134296640822;"Mimoso do Sul";2900,87837771085;NA;0,0515531000985116;0,0515531000985116;2016
"320350";0;69,4292860103051;0;20,684357684384;"Montanha";2069,6423226355;NA;0,0335465144150576;0,0335465144150576;2016
"320360";0;21,36285723394;0;13,0820105554767;"Mucurici";627,389175665948;NA;0,034050407725419;0,034050407725419;2016
"320370";0;10,68142861697;0;7,55290563260381;"Muniz Freire";1856,9357093325;NA;0,00575218009072032;0,00575218009072032;2016
"320380";0;10,68142861697;0;7,55290563260381;"Muqui";1744,39796983305;NA;0,00612327507924828;0,00612327507924828;2016
"320390";0;122,836180053424;0;26,7034520885339;"Nova Venécia";4280,07328463743;NA;0,0286995506582383;0,0286995506582383;2016
"320400";0;21,36285723394;0;10,6814075082054;"Pancas";2136,21446209601;NA;0,0100003335868157;0,0100003335868157;2016
"320405";0;85,4514289357602;0;23,8842148281917;"Pedro Canário";1720,96956742413;NA;0,0496530737981963;0,0496530737981963;2016
"320410";0;64,092716793723;0;18,5019489566706;"Pinheiros";2305,82582206688;NA;0,0277959922993108;0,0277959922993108;2016
"320420";0;26,7035715424251;0;11,9421687754011;"Piúma";1713,73010811702;NA;0,0155821336253267;0,0155821336253267;2016
"320425";0;5,34071430848501;0;5,34071430840704;"Ponto Belo";822,275918626662;NA;0,006495039180285;0,006495039180285;2016
"320430";0;21,36285723394;0;10,6814075082054;"Presidente Kennedy";980,452479678117;NA;0,0217887737312404;0,0217887737312404;2016
"320435";0;5,34071430848501;0;5,34071430840704;"Rio Bananal";1605,60932415668;NA;0,00332628506083828;0,00332628506083828;2016
"320440";0;5,34071430848501;0;5,34071430840704;"Rio Novo do Sul";1289,69432883489;NA;0,00414106985591679;0,00414106985591679;2016
"320450";0;10,68142861697;0;7,55290563260381;"Santa Leopoldina";1347,58755866894;NA;0,00792633365324359;0,00792633365324359;2016
"320455";0;10,68142861697;0;7,55290563260381;"Santa Maria de Jetibá";2787,71360394908;NA;0,00383160902965021;0,00383160902965021;2016
"320460";0;26,7035715424251;0;11,9421687754011;"Santa Teresa";2701,05837547041;NA;0,00988633632835664;0,00988633632835664;2016
"320465";0;5,34071430848501;0;5,34071430840704;"São Domingos do Norte";853,156082335189;NA;0,0062599498720877;0,0062599498720877;2016
"320470";0;37,3850001593951;0;16,0220960174881;"São Gabriel da Palha";2941,84997278445;NA;0,0127079900420654;0,0127079900420654;2016
"320480";0;16,022142925455;0;11,9421939485997;"São José do Calçado";1488,84725857922;NA;0,0107614416677938;0,0107614416677938;2016
"320490";0;699,632155956461;0;64,3096704633066;"São Mateus";8025,87974615495;NA;0,0871720207733789;0,0871720207733789;2016
"320495";0;21,36285723394;0;10,6814075082054;"São Roque do Canaã";1331,63082853682;NA;0,0160426274130446;0,0160426274130446;2016
"320500";0;1324,49446318475;0;89,0449429051836;"Serra";25263,9112928622;NA;0,0524263423755354;0,0524263423755354;2016
"320501";0;64,0885717018201;0;19,9830009099812;"Sooretama";1443,02663186602;NA;0,0444126049281192;0,0444126049281192;2016
"320503";0;5,34071430848501;0;5,34071430840704;"Vargem Alta";1734,63449773227;NA;0,00307887011094674;0,00307887011094674;2016
"320506";0;5,34071430848501;0;5,34071430840704;"Venda Nova do Imigrante";1907,35404830776;NA;0,00280006447320224;0,00280006447320224;2016
"320510";0;213,644059621357;0;36,2249643102098;"Viana";4252,05414942593;NA;0,0502449056652303;0,0502449056652303;2016
"320515";0;10,68142861697;0;7,55290563260381;"Vila Pavão";841,517053524142;NA;0,0126930625734058;0,0126930625734058;2016
"320517";0;5,34071430848501;0;5,34071430840704;"Vila Valério";1096,43060015325;NA;0,00487100077992945;0,00487100077992945;2016
"320520";0;1634,26986499181;0;101,891870798287;"Vila Velha";38747,8409440776;NA;0,0421770561965103;0,0421770561965103;2016
"320530";0;907,897862294226;0;76,6503854376336;"Vitória";33913,5185917922;NA;0,0267709721666556;0,0267709721666556;2016
"320010";0;10,3736890900454;0;7,3353010401598;"Afonso Cláudio";3565,99817593933;NA;0,00290905619639383;0,00290905619639383;2017
"320013";0;20,7473785728677;0;10,3736686616191;"Águia Branca";992,236554037483;NA;0,0209097099763611;0,0209097099763611;2017
"320016";0;36,3079121097416;0;15,5604878349316;"Água Doce do Norte";1343,66892057588;NA;0,0270214719963757;0,0270214719963757;2017
"320020";0;15,5605339296508;0;8,98386654534183;"Alegre";3880,47154352946;NA;0,00400995955133271;0,00400995955133271;2017
"320030";0;10,3736892864338;0;7,33530117902693;"Alfredo Chaves";1742,52805874381;NA;0,00595324088721545;0,00595324088721545;2017
"320035";0;25,9342230196962;0;11,5981063780043;"Alto Rio Novo";735,020723942729;NA;0,0352836623171416;0,0352836623171416;2017
"320040";0;62,2421351294378;0;19,407275985063;"Anchieta";2376,91688690883;NA;0,0261860797372614;0,0261860797372614;2017
"320050";0;10,3736892864338;0;7,33530117902693;"Apiacá";1046,76278012102;NA;0,00991025806748165;0,00991025806748165;2017
"320060";0;285,287236583097;0;42,4575434846446;"Aracruz";6100,53313404256;NA;0,0467643122846297;0,0467643122846297;2017
"320070";0;46,6816017889523;0;18,7013694890272;"Atilio Vivacqua";1081,40137951304;NA;0,0431676921014963;0,0431676921014963;2017
"320080";0;103,737332466091;0;23,1963223667388;"Baixo Guandu";3574,03981778771;NA;0,0290252313222137;0,0290252313222137;2017
"320090";0;134,865085641396;0;29,3427068308826;"Barra de São Francisco";4368,91041327598;NA;0,030869272400637;0,030869272400637;2017
"320100";0;51,8684460393923;0;16,4021449858239;"Boa Esperança";1399,82921760896;NA;0,0370534100781154;0,0370534100781154;2017
"320110";0;36,3079125025184;0;17,2027781428936;"Bom Jesus do Norte";1191,54844092721;NA;0,0304712013841965;0,0304712013841965;2017
"320115";0;31,1210676629131;0;14,6705779822653;"Brejetuba";738,45471136907;NA;0,0421435020777587;0,0421435020777587;2017
"320120";0;482,366878925904;0;54,1506772425335;"Cachoeiro de Itapemirim";19062,4935083715;NA;0,0253045006265349;0,0253045006265349;2017
"320130";0;1084,05512710484;0;79,5114803017843;"Cariacica";27602,0816139672;NA;0,039274397571388;0,039274397571388;2017
"320140";0;25,9342232160846;0;13,7230776291724;"Castelo";4275,59850970939;NA;0,00606563576004412;0,00606563576004412;2017
"320150";0;300,838264908334;0;40,177043419602;"Colatina";11759,0893693442;NA;0,0255834661561988;0,0255834661561988;2017
"320160";0;46,681601199787;0;15,5604512347105;"Conceição da Barra";2334,5582932738;NA;0,0199959030084121;0,0199959030084121;2017
"320170";0;10,3736892864338;0;7,33530117902693;"Conceição do Castelo";1333,44369502389;NA;0,00777962303556283;0,00777962303556283;2017
"320180";0;5,18684464321692;0;5,18684464332443;"Divino de São Lourenço";372,017985054781;NA;0,0139424566864775;0,0139424566864775;2017
"320190";0;20,7473779837024;0;12,7051083166687;"Domingos Martins";3332,94182779935;NA;0,00622494452517983;0,00622494452517983;2017
"320200";NA;NA;NA;NA;"Dores do Rio Preto";609,194386307214;NA;NA;NA;2017
"320210";0;36,3079125025184;0;13,7230464470008;"Ecoporanga";2548,03763654852;NA;0,0142493627180876;0,0142493627180876;2017
"320220";NA;NA;NA;NA;"Fundão";1996,29013107941;NA;NA;NA;2017
"320225";0;10,3736892864338;0;7,33530117902693;"Governador Lindenberg";1265,2202799676;NA;0,0081991171424311;0,0081991171424311;2017
"320230";0;57,0552908789977;0;20,0884687917499;"Guaçuí";3353,69283082717;NA;0,0170126764009348;0,0170126764009348;2017
"320240";0;409,75132871926;0;50,553574789013;"Guarapari";10602,077263428;NA;0,0386482119058596;0,0386482119058596;2017
"320245";0;31,1210676629131;0;12,705080570787;"Ibatiba";2202,94107706261;NA;0,0141270540492212;0,0141270540492212;2017
"320250";0;20,7473785728677;0;10,3736686616191;"Ibiraçu";1182,88984354595;NA;0,0175395694587023;0,0175395694587023;2017
"320255";0;5,18684464321692;0;5,18684464332443;"Ibitirama";755,63485875004;NA;0,00686422097016133;0,00686422097016133;2017
"320260";NA;NA;NA;NA;"Iconha";1398,49783096204;NA;NA;NA;2017
"320265";0;10,3736892864338;0;7,33530117902693;"Irupi";1105,42456433155;NA;0,00938434844055303;0,00938434844055303;2017
"320270";0;5,18684464321692;0;5,18684464332443;"Itaguaçu";2026,30059224415;NA;0,0025597607102668;0,0025597607102668;2017
"320280";0;285,311214631016;0;40,5152627127238;"Itapemirim";2950,46393312363;NA;0,0967004583340082;0,0967004583340082;2017
"320290";0;5,18684464321692;0;5,18684464332443;"Itarana";1473,43510751896;NA;0,0035202396201559;0,0035202396201559;2017
"320300";0;46,6816015925639;0;18,7013694345599;"Iúna";2455,75576593962;NA;0,0190090571057674;0,0190090571057674;2017
"320305";0;36,3079125025184;0;15,5604880967815;"Jaguaré";1865,24979353319;NA;0,0194654424455093;0,0194654424455093;2017
"320310";0;15,5605337332623;0;8,98386643195752;"Jerônimo Monteiro";1522,01677522821;NA;0,0102236282717246;0,0102236282717246;2017
"320313";0;10,3736892864338;0;7,33530117902693;"João Neiva";1860,43446167322;NA;0,00557594986555132;0,00557594986555132;2017
"320316";0;15,5605339296508;0;8,98386654534183;"Laranja da Terra";1510,44220365241;NA;0,0103019724237205;0,0103019724237205;2017
"320320";0;622,4352740931;0;61,8090602658982;"Linhares";10979,8824279954;NA;0,056688701192836;0,056688701192836;2017
"320330";0;25,9342232160846;0;11,5981064658311;"Mantenópolis";1646,73953342155;NA;0,0157488313663055;0,0157488313663055;2017
"320332";0;119,290687793989;0;24,8737653446875;"Marataízes";3634,966829127;NA;0,0328175450840741;0,0328175450840741;2017
"320334";NA;NA;NA;NA;"Marechal Floriano";1434,26955496987;NA;NA;NA;2017
"320335";NA;NA;NA;NA;"Marilândia";1362,34533920032;NA;NA;NA;2017
"320340";0;36,3079125025184;0;13,7230464470008;"Mimoso do Sul";3020,10150987541;NA;0,0120220834908348;0,0120220834908348;2017
"320350";0;51,8684462357808;0;17,9676695260334;"Montanha";2164,77376646354;NA;0,0239602156305299;0,0239602156305299;2017
"320360";0;31,1210672701362;0;14,6705777045314;"Mucurici";652,119252850002;NA;0,0477229695858935;0,0477229695858935;2017
"320370";0;5,18684464321692;0;5,18684464332443;"Muniz Freire";1926,65768923924;NA;0,0026921464420932;0,0026921464420932;2017
"320380";0;15,5605339296508;0;8,98386654534183;"Muqui";1823,96616817875;NA;0,0085311527160551;0,0085311527160551;2017
"320390";0;114,099690959926;0;24,3260774862281;"Nova Venécia";4489,97912700222;NA;0,0254120760325462;0,0254120760325462;2017
"320400";0;31,1210678593015;0;12,7050806509613;"Pancas";2240,27542649126;NA;0,0138916257756947;0,0138916257756947;2017
"320405";0;67,4289799690431;0;22,6088131646893;"Pedro Canário";1813,7867304169;NA;0,0371758039896699;0,0371758039896699;2017
"320410";0;46,6816015925639;0;15,5604513656338;"Pinheiros";2429,6895657337;NA;0,0192129901082516;0,0192129901082516;2017
"320420";0;51,8684464321692;0;16,4021451100285;"Piúma";1813,66669257052;NA;0,0285986651486971;0,0285986651486971;2017
"320425";0;5,18684444682849;0;5,18684444693626;"Ponto Belo";863,602270216549;NA;0,0060060569844587;0,0060060569844587;2017
"320430";0;41,4947569493469;0;14,6705439535924;"Presidente Kennedy";1053,66320315328;NA;0,0393814236135097;0,0393814236135097;2017
"320435";0;5,18684464321692;0;5,18684464332443;"Rio Bananal";1684,45505710815;NA;0,00307924193128764;0,00307924193128764;2017
"320440";0;10,3736892864338;0;7,33530117902693;"Rio Novo do Sul";1343,80678369219;NA;0,00771962860459113;0,00771962860459113;2017
"320450";NA;NA;NA;NA;"Santa Leopoldina";1400,35666773445;NA;NA;NA;2017
"320455";0;10,3736892864338;0;7,33530117902693;"Santa Maria de Jetibá";2951,14111683221;NA;0,00351514511700785;0,00351514511700785;2017
"320460";0;10,3736890900454;0;7,3353010401598;"Santa Teresa";2824,75757333572;NA;0,0036724174803416;0,0036724174803416;2017
"320465";0;5,18684464321692;0;5,18684464332443;"São Domingos do Norte";893,722178294822;NA;0,00580364320052252;0,00580364320052252;2017
"320470";0;20,7473783764793;0;10,3736685634256;"São Gabriel da Palha";3111,53680624341;NA;0,0066678878214935;0,0066678878214935;2017
"320480";0;10,3736890900454;0;7,3353010401598;"São José do Calçado";1546,54259458218;NA;0,0067076646491253;0,0067076646491253;2017
"320490";0;637,99898246732;0;62,0265597099288;"São Mateus";8521,30331111891;NA;0,074871056594692;0,074871056594692;2017
"320495";0;10,3736892864338;0;7,33530117902693;"São Roque do Canaã";1395,03371685987;NA;0,00743615667568549;0,00743615667568549;2017
"320500";0;1307,09039229855;0;88,6310236495023;"Serra";26909,9194357722;NA;0,0485728095700277;0,0485728095700277;2017
"320501";0;46,6816015925639;0;15,5604513656338;"Sooretama";1538,88781213849;NA;0,0303346359782352;0,0303346359782352;2017
"320503";NA;NA;NA;NA;"Vargem Alta";1824,86662003323;NA;NA;NA;2017
"320506";NA;NA;NA;NA;"Venda Nova do Imigrante";2022,91818847816;NA;NA;NA;2017
"320510";0;228,222131903297;0;36,6765276181482;"Viana";4514,13595674848;NA;0,0505572127401508;0,0505572127401508;2017
"320515";NA;NA;NA;NA;"Vila Pavão";880,256953944922;NA;NA;NA;2017
"320517";0;20,7473783764793;0;12,7051086373688;"Vila Valério";1143,86476171335;NA;0,0181379644438059;0,0181379644438059;2017
"320520";0;1177,39308041719;0;82,8239110698612;"Vila Velha";40975,0132797173;NA;0,0287344160788838;0,0287344160788838;2017
"320530";0;819,514193507208;0;69,9726514243848;"Vitória";35673,2865110973;NA;0,0229727696452154;0,0229727696452154;2017
