"";"local";"Tx de Cobertura Bruta - Creche";"Tx de Cobertura Efetiva - Creche";"Tx de Cobertura - Pré-escola";"Tx de Cobertura efetiva  - Pré-escola";"Creches e Pre-escolas / 1.000 crianças de 0 a 6";"Creches e Pré-escolas públicas (% do total)";"Nº de alunos por turma";"Ano"
"1";"Afonso Cláudio - ES";"0.331666666666667";"0.317222222222222";"0.699339207048458";"0.638766519823789";"5.74529205234599";"1";"8.86330935251799";"2012"
"2";"Águia Branca - ES";"0.166975881261596";"0.228200371057514";"1.44607843137255";"1.22549019607843";"8.16802800466744";"1";"14.3846153846154";"2012"
"3";"Água Doce do Norte - ES";"0.110283159463487";"0.107302533532042";"1.1258064516129";"1.01935483870968";"7.85340314136126";"1";"19.2272727272727";"2012"
"4";"Alegre - ES";"0.457101658255227";"0.442682047584715";"0.952054794520548";"0.867123287671233";"14.7822612864563";"0.945945945945946";"15.1686746987952";"2012"
"5";"Alfredo Chaves - ES";"0.286401925391095";"0.296028880866426";"1.26865671641791";"1.1044776119403";"9.84413453650533";"1";"11.2790697674419";"2012"
"6";"Alto Rio Novo - ES";"0.437665782493369";"0.40053050397878";"0.861904761904762";"0.785714285714286";"14.265335235378";"1";"14.8260869565217";"2012"
"7";"Anchieta - ES";"0.608016304347826";"0.569972826086957";"1.14564564564565";"1.06156156156156";"14.0958517921869";"0.885714285714286";"11.2142857142857";"2012"
"8";"Apiacá - ES";"0.187793427230047";"0.2018779342723";"0.904761904761905";"0.867724867724868";"10.0430416068867";"1";"13.2105263157895";"2012"
"9";"Aracruz - ES";"0.275527284901239";"0.378808168731168";"1.34632034632035";"1.01298701298701";"3.66748166259169";"0.888888888888889";"16.0489795918367";"2012"
"10";"Atílio Vivacqua - ES";"0.454887218045113";"0.421052631578947";"1.06172839506173";"0.991769547325103";"10.1925254813137";"1";"13.030303030303";"2012"
"11";"Baixo Guandu - ES";"0.358573216520651";"0.337922403003755";"0.896593673965937";"0.804136253041362";"9.97506234413965";"0.892857142857143";"13.3917525773196";"2012"
"12";"Barra de São Francisco - ES";"0.154287901990812";"0.144333843797856";"0.714070729872084";"0.64484574868322";"5.24704853519895";"0.916666666666667";"19.8823529411765";"2012"
"13";"Boa Esperança - ES";"0.250965250965251";"0.271557271557272";"1.16279069767442";"0.953488372093023";"5.93912397921307";"1";"15.3571428571429";"2012"
"14";"Bom Jesus do Norte - ES";"0.494600431965443";"0.47732181425486";"1.3728813559322";"1.22033898305085";"9.64187327823691";"0.857142857142857";"14.625";"2012"
"15";"Brejetuba - ES";"0.209840810419682";"0.193921852387844";"1.07769423558897";"0.982456140350877";"8.48765432098766";"1";"13.3720930232558";"2012"
"16";"Cachoeiro de Itapemirim - ES";"0.436390949206647";"0.416486714862454";"0.907914478619655";"0.809827456864216";"3.67549139721941";"0.869565217391304";"17.7965779467681";"2012"
"17";"Cariacica - ES";"0.16189701161897";"0.151860391518604";"0.798397040690506";"0.71402149022371";"2.34180115053709";"0.489130434782609";"17.3649025069638";"2012"
"18";"Castelo - ES";"0.441018766756032";"0.414209115281501";"0.997581620314389";"0.898428053204353";"8.37277029486713";"0.91304347826087";"16.6179775280899";"2012"
"19";"Colatina - ES";"0.433190057933097";"0.398803961876285";"0.96683861459101";"0.860353721444363";"8.48716316571186";"0.9";"19.491935483871";"2012"
"20";"Conceição da Barra - ES";"0.348336594911937";"0.307240704500978";"0.941351888667992";"0.862823061630219";"5.42082738944365";"1";"18";"2012"
"21";"Conceição do Castelo - ES";"0.347176079734219";"0.323920265780731";"1.04290429042904";"0.920792079207921";"9.53288846520496";"1";"12.5";"2012"
"22";"Divino de São Lourenço - ES";"0";"0";"0.632258064516129";"0.6";"4.59770114942529";"1";"14";"2012"
"23";"Domingos Martins - ES";"0.273458445040214";"0.2828418230563";"0.847176079734219";"0.738648947951274";"12.4245651402201";"0.971428571428571";"14.3048780487805";"2012"
"24";"Dores do Rio Preto - ES";"0";"0";"1.00653594771242";"0.986928104575163";"8.92857142857143";"1";"17.1111111111111";"2012"
"25";"Ecoporanga - ES";"0.546453546453546";"0.508491508491508";"0.763768115942029";"0.698550724637681";"8.42835894893406";"0.941176470588235";"17.2708333333333";"2012"
"26";"Fundão - ES";"0.266423357664234";"0.22992700729927";"0.982456140350877";"0.896929824561403";"3.92156862745098";"1";"14.2307692307692";"2012"
"27";"Governador Lindenberg - ES";"0.315417256011315";"0.284299858557284";"1.04832713754647";"0.973977695167286";"7.20720720720721";"1";"8.85964912280702";"2012"
"28";"Guaçuí - ES";"0.260669730794485";"0.241628365068943";"0.822878228782288";"0.745387453874539";"5.53097345132743";"0.8";"15.0140845070423";"2012"
"29";"Guarapari - ES";"0.285714285714286";"0.258583690987124";"0.930232558139535";"0.840916750926862";"3.91799544419134";"0.720930232558139";"15.9448275862069";"2012"
"30";"Ibatiba - ES";"0.154228855721393";"0.149253731343284";"0.870503597122302";"0.784172661870504";"5.28240552620886";"0.846153846153846";"19.1162790697674";"2012"
"31";"Ibiraçu - ES";"0.375420875420875";"0.343434343434343";"1.00354609929078";"0.890070921985816";"7.92864222001982";"0.875";"13.6756756756757";"2012"
"32";"Ibitirama - ES";"0.302186878727634";"0.272365805168986";"0.677142857142857";"0.602857142857143";"8.97308075772682";"1";"14.2083333333333";"2012"
"33";"Iconha - ES";"0.475975975975976";"0.43993993993994";"1.00373134328358";"0.902985074626866";"9.40733772342427";"1";"9.60655737704918";"2012"
"34";"Irupi - ES";"0.287323943661972";"0.277464788732394";"0.854304635761589";"0.774834437086093";"5.26315789473684";"1";"17.7692307692308";"2012"
"35";"Itaguaçu - ES";"0.306666666666667";"0.278333333333333";"0.954983922829582";"0.826366559485531";"8.72093023255814";"1";"16.5862068965517";"2012"
"36";"Itapemirim - ES";"0.393491124260355";"0.370315581854043";"1.02446483180428";"0.912334352701325";"8.74125874125874";"1";"17.64";"2012"
"37";"Itarana - ES";"0.62085308056872";"0.606635071090047";"0.881057268722467";"0.828193832599119";"16.4533820840951";"1";"17.4210526315789";"2012"
"38";"Iúna - ES";"0.151071025930101";"0.140924464487035";"0.845869297163995";"0.758323057953144";"5.81793292265572";"0.823529411764706";"17.0357142857143";"2012"
"39";"Jaguaré - ES";"0.287886733088621";"0.34766649187205";"1.07857911733046";"0.839612486544672";"4.29316160686906";"0.928571428571429";"20.3698630136986";"2012"
"40";"Jerônimo Monteiro - ES";"0.21301775147929";"0.242603550295858";"0.954022988505747";"0.827586206896552";"2.20994475138122";"1";"15.5217391304348";"2012"
"41";"João Neiva - ES";"0.363073110285006";"0.33457249070632";"0.970149253731343";"0.888059701492537";"7.13266761768902";"0.9";"11.5762711864407";"2012"
"42";"Laranja da Terra - ES";"0.0702576112412178";"0.0725995316159251";"1.00487804878049";"0.926829268292683";"16.3265306122449";"1";"14.75";"2012"
"43";"Linhares - ES";"0.383279559688745";"0.352818371607516";"0.983639177537033";"0.897855405704179";"2.60537285780454";"0.844444444444444";"13.0786516853933";"2012"
"44";"Mantenópolis - ES";"0.3";"0.260714285714286";"0.759668508287293";"0.693370165745856";"3.584229390681";"1";"20.2692307692308";"2012"
"45";"Marataízes - ES";"0.283391915641476";"0.268453427065026";"1.04878048780488";"0.930894308943089";"6.44814615797958";"0.916666666666667";"15.8207547169811";"2012"
"46";"Marechal Floriano - ES";"0.293032786885246";"0.327868852459016";"1.2764857881137";"1.04909560723514";"8.86637112096263";"0.928571428571429";"15.2";"2012"
"47";"Marilândia - ES";"0.236598890942699";"0.214417744916821";"0.988549618320611";"0.889312977099237";"8.65800865800866";"1";"14.8846153846154";"2012"
"48";"Mimoso do Sul - ES";"0.176706827309237";"0.188085676037483";"0.80030487804878";"0.745426829268293";"5.70729718711782";"1";"11.7761194029851";"2012"
"49";"Montanha - ES";"0.372269705603039";"0.346628679962013";"0.932624113475177";"0.870567375886525";"4.25985090521832";"0.875";"23.5384615384615";"2012"
"50";"Mucurici - ES";"0.27843137254902";"0.250980392156863";"0.973154362416107";"0.838926174496644";"10.6382978723404";"1";"15.4285714285714";"2012"
"51";"Muniz Freire - ES";"0.204519774011299";"0.220338983050847";"0.771428571428571";"0.706666666666667";"6.6747572815534";"1";"15.025641025641";"2012"
"52";"Muqui - ES";"0.247058823529412";"0.289705882352941";"1.00826446280992";"0.856749311294766";"12.2249388753056";"1";"17.7931034482759";"2012"
"53";"Nova Venécia - ES";"0.283497350492051";"0.266464799394398";"0.906045751633987";"0.808006535947712";"3.99911130859809";"0.888888888888889";"15.9074074074074";"2012"
"54";"Pancas - ES";"0.264540337711069";"0.23827392120075";"0.674418604651163";"0.602713178294574";"3.81471389645777";"0.857142857142857";"14.6511627906977";"2012"
"55";"Pedro Canário - ES";"0.129784688995215";"0.156698564593301";"0.919354838709677";"0.790322580645161";"3.06539509536785";"0.555555555555556";"16.9166666666667";"2012"
"56";"Pinheiros - ES";"0.206030150753769";"0.206030150753769";"0.892601431980907";"0.852028639618138";"4.23131170662905";"0.916666666666667";"17.6190476190476";"2012"
"57";"Piúma - ES";"0.278268551236749";"0.296819787985866";"1.17088607594937";"0.972573839662447";"7.10382513661202";"0.923076923076923";"15.7272727272727";"2012"
"58";"Ponto Belo - ES";"0.290243902439024";"0.292682926829268";"0.966346153846154";"0.846153846153846";"7.02247191011236";"1";"16";"2012"
"59";"Presidente Kennedy - ES";"0.257861635220126";"0.235849056603774";"1.31304347826087";"1.19565217391304";"14.0845070422535";"1";"13.3142857142857";"2012"
"60";"Rio Bananal - ES";"0.253561253561254";"0.236467236467236";"0.971291866028708";"0.904306220095694";"7.12589073634204";"1";"16.4146341463415";"2012"
"61";"Rio Novo do Sul - ES";"0.454175152749491";"0.425661914460285";"1.25777777777778";"1.08";"10.7015457788347";"0.888888888888889";"11";"2012"
"62";"Santa Leopoldina - ES";"0.174576271186441";"0.164406779661017";"0.858267716535433";"0.807086614173228";"9.53389830508475";"1";"14.5909090909091";"2012"
"63";"Santa Maria de Jetibá - ES";"0.173999011369254";"0.150271873455264";"0.891440501043841";"0.788100208768267";"7.17566016073479";"1";"16.0857142857143";"2012"
"64";"Santa Teresa - ES";"0.318795430944964";"0.318795430944964";"0.843694493783304";"0.753108348134991";"9.48660714285714";"1";"11.6716417910448";"2012"
"65";"São Domingos do Norte - ES";"0.162921348314607";"0.155430711610487";"0.918803418803419";"0.863247863247863";"11.4285714285714";"1";"8.62857142857143";"2012"
"66";"São Gabriel da Palha - ES";"0.217010309278351";"0.195360824742268";"0.757644394110985";"0.694224235560589";"2.76158330776312";"0.777777777777778";"21.3725490196078";"2012"
"67";"São José do Calçado - ES";"0.361663652802893";"0.428571428571429";"0.929078014184397";"0.790780141843972";"15.2439024390244";"0.933333333333333";"10.1219512195122";"2012"
"68";"São Mateus - ES";"0.294332168363471";"0.266524844248594";"0.98273381294964";"0.883741007194245";"6.87489390595824";"0.876543209876543";"15.8179012345679";"2012"
"69";"São Roque do Canaã - ES";"0.258536585365854";"0.229268292682927";"1.23333333333333";"1.12083333333333";"7.34522560335782";"1";"12.5714285714286";"2012"
"70";"Serra - ES";"0.193995819874596";"0.172715181455444";"0.844698130554704";"0.759883542752069";"1.57373227122596";"0.679012345679012";"17.9403765690377";"2012"
"71";"Sooretama - ES";"0.343192488262911";"0.313145539906103";"0.947867298578199";"0.854265402843602";"2.92483182217023";"1";"17.5977011494253";"2012"
"72";"Vargem Alta - ES";"0.153399668325041";"0.141791044776119";"0.895798319327731";"0.803361344537815";"9.23226433430515";"0.947368421052632";"14.9583333333333";"2012"
"73";"Venda Nova do Imigrante - ES";"0.414732593340061";"0.41372351160444";"1.08653846153846";"0.951923076923077";"6.17283950617284";"0.818181818181818";"15.25";"2012"
"74";"Viana - ES";"0.321412300683371";"0.292938496583144";"0.917672886937431";"0.83205268935236";"2.63778980980147";"0.947368421052632";"20.2828947368421";"2012"
"75";"Vila Pavão - ES";"0.154158215010142";"0.298174442190669";"0.902040816326531";"0.771428571428571";"9.63855421686747";"1";"14.1428571428571";"2012"
"76";"Vila Valério - ES";"0.333333333333333";"0.305982905982906";"0.922005571030641";"0.818941504178273";"7.14285714285714";"1";"15.9393939393939";"2012"
"77";"Vila Velha - ES";"0.180348982135438";"0.174241794765268";"0.772262254247843";"0.677519793612668";"2.07160439667568";"0.376470588235294";"19.9723926380368";"2012"
"78";"Vitória - ES";"0.613619912021828";"0.587894648922546";"1.05939685815847";"0.948171081298016";"2.38079917637218";"0.621621621621622";"19.8208955223881";"2012"
"79";"Espírito Santo";"1.09770789192597";"1.05011469295558";"0.913332873159716";"0.812160416522862";"4.27131571778807";"0.839285714285714";"16.6712947658402";"2012"
"80";"Afonso Cláudio - ES";"0.310848791455874";"0.322091062394604";"0.815555555555556";"0.693333333333333";"5.76";"1";"9.64615384615385";"2013"
"81";"Águia Branca - ES";"0.162878787878788";"0.212121212121212";"1.27777777777778";"1.11111111111111";"8.05523590333717";"1";"14.12";"2013"
"82";"Água Doce do Norte - ES";"0.136966126656848";"0.134020618556701";"1.14521452145215";"1.05940594059406";"7.90166812993854";"1";"22";"2013"
"83";"Alegre - ES";"0.471739130434783";"0.476811594202899";"0.948069241011984";"0.8508655126498";"13.0744849445325";"0.939393939393939";"15.9036144578313";"2013"
"84";"Alfredo Chaves - ES";"0.309438470728793";"0.316606929510155";"1.28512396694215";"1.13223140495868";"10.0586756077117";"1";"11.5238095238095";"2013"
"85";"Alto Rio Novo - ES";"0.450520833333333";"0.419270833333333";"1.03587443946188";"0.923766816143498";"15.406162464986";"1";"13.0322580645161";"2013"
"86";"Anchieta - ES";"0.661794019933555";"0.654485049833887";"1.23766816143498";"1.10463378176383";"14.0788415124698";"0.885714285714286";"11.2356687898089";"2013"
"87";"Apiacá - ES";"0.174013921113689";"0.185614849187935";"1.05202312138728";"1";"11.7474302496329";"1";"12.9473684210526";"2013"
"88";"Aracruz - ES";"0.285642654186863";"0.365535684439245";"1.28626394767218";"1.00269334359369";"3.84849098642901";"0.868421052631579";"15.6111111111111";"2013"
"89";"Atílio Vivacqua - ES";"0.503802281368821";"0.458174904942966";"1.13122171945701";"1.02262443438914";"11.6144018583043";"1";"12.025641025641";"2013"
"90";"Baixo Guandu - ES";"0.392991239048811";"0.368585732165207";"0.905063291139241";"0.810126582278481";"9.72972972972973";"0.888888888888889";"11.9107142857143";"2013"
"91";"Barra de São Francisco - ES";"0.169201520912548";"0.155513307984791";"0.783406754772394";"0.712922173274596";"5.64358584762318";"0.923076923076923";"19.6363636363636";"2013"
"92";"Boa Esperança - ES";"0.257772020725389";"0.25";"1.11568123393316";"0.987146529562982";"5.93031875463306";"1";"15.4390243902439";"2013"
"93";"Bom Jesus do Norte - ES";"0.456842105263158";"0.471578947368421";"1.32608695652174";"1.17391304347826";"6.82128240109141";"0.8";"15.3666666666667";"2013"
"94";"Brejetuba - ES";"0.203038674033149";"0.19060773480663";"1.08072916666667";"1.01302083333333";"8.58704137392662";"1";"12.3023255813953";"2013"
"95";"Cachoeiro de Itapemirim - ES";"0.430776340110906";"0.411829944547135";"0.889879868947943";"0.791044776119403";"3.59123316609453";"0.882352941176471";"18.3622350674374";"2013"
"96";"Cariacica - ES";"0.157732566042866";"0.142915401694685";"0.812901545407189";"0.732592463969439";"2.30671736375158";"0.483516483516484";"17.4795081967213";"2013"
"97";"Castelo - ES";"0.413333333333333";"0.384";"1.01958384332925";"0.91921664626683";"8.03799780781878";"0.909090909090909";"16.375";"2013"
"98";"Colatina - ES";"0.452273581360391";"0.419767004885381";"0.963216732780382";"0.885683375405698";"8.53979968371112";"0.91358024691358";"18.9272030651341";"2013"
"99";"Conceição da Barra - ES";"0.338686131386861";"0.300243309002433";"0.989506820566632";"0.897166841552991";"4.92468134414832";"1";"20.2307692307692";"2013"
"100";"Conceição do Castelo - ES";"0.344884488448845";"0.326732673267327";"0.936842105263158";"0.814035087719298";"9.69932104752667";"1";"12.5277777777778";"2013"
"101";"Divino de São Lourenço - ES";"0";"0";"0.748344370860927";"0.642384105960265";"4.64037122969838";"1";"16.1428571428571";"2013"
"102";"Domingos Martins - ES";"0.287726358148893";"0.301810865191147";"0.881745120551091";"0.758897818599311";"12.9263913824057";"0.972222222222222";"14.421686746988";"2013"
"103";"Dores do Rio Preto - ES";"0";"0";"0.982035928143713";"0.922155688622755";"10.4529616724739";"1";"14.9090909090909";"2013"
"104";"Ecoporanga - ES";"0.532692307692308";"0.503846153846154";"0.836879432624113";"0.741843971631206";"8.85826771653543";"0.944444444444444";"18.5849056603774";"2013"
"105";"Fundão - ES";"0.342205323193916";"0.317490494296578";"0.957777777777778";"0.837777777777778";"3.93479482855537";"1";"14.125";"2013"
"106";"Governador Lindenberg - ES";"0.319559228650138";"0.296143250688705";"1.13970588235294";"1.01102941176471";"7.18778077268643";"1";"9.03333333333333";"2013"
"107";"Guaçuí - ES";"0.256393001345895";"0.245625841184388";"0.825710754017305";"0.757725587144623";"5.53914327917282";"0.8";"14.5694444444444";"2013"
"108";"Guarapari - ES";"0.31288532675709";"0.290844636251541";"1.00550206327373";"0.905089408528198";"3.84756320996702";"0.738095238095238";"17.7562724014337";"2013"
"109";"Ibatiba - ES";"0.136300417246175";"0.12586926286509";"0.845942228335626";"0.774415405777166";"4.41235459286001";"1";"19.7";"2013"
"110";"Ibiraçu - ES";"0.384485666104553";"0.359190556492411";"1.04693140794224";"0.924187725631769";"8.96414342629482";"0.888888888888889";"11.2608695652174";"2013"
"111";"Ibitirama - ES";"0.247104247104247";"0.272200772200772";"0.807580174927114";"0.670553935860058";"9.03614457831325";"1";"14";"2013"
"112";"Iconha - ES";"0.509803921568627";"0.470588235294118";"0.988505747126437";"0.900383141762452";"8.52272727272727";"1";"11.92";"2013"
"113";"Irupi - ES";"0.34070796460177";"0.323008849557522";"1.075";"0.975";"6.26118067978533";"1";"15.6470588235294";"2013"
"114";"Itaguaçu - ES";"0.343205574912892";"0.317073170731707";"1.06810035842294";"0.939068100358423";"9";"1";"16.5";"2013"
"115";"Itapemirim - ES";"0.447183098591549";"0.417002012072435";"1.05324813631523";"0.968051118210863";"9.14454277286136";"1";"16.625";"2013"
"116";"Itarana - ES";"0.625";"0.615740740740741";"1.04147465437788";"0.944700460829493";"18.6219739292365";"1";"18.05";"2013"
"117";"Iúna - ES";"0.213998852553069";"0.199082042455536";"0.959048877146631";"0.878467635402906";"5.92747559274756";"0.882352941176471";"16.9076923076923";"2013"
"118";"Jaguaré - ES";"0.334362139917695";"0.30761316872428";"1.03514739229025";"0.927437641723356";"4.66708151835719";"0.933333333333333";"20.5675675675676";"2013"
"119";"Jerônimo Monteiro - ES";"0.25095785440613";"0.266283524904215";"0.936619718309859";"0.845070422535211";"2.1551724137931";"1";"15.2692307692308";"2013"
"120";"João Neiva - ES";"0.348557692307692";"0.325721153846154";"0.97051597051597";"0.891891891891892";"7.10732054015636";"0.9";"12.2321428571429";"2013"
"121";"Laranja da Terra - ES";"0.119815668202765";"0.115207373271889";"0.951923076923077";"0.894230769230769";"17.6151761517615";"1";"13.8888888888889";"2013"
"122";"Linhares - ES";"0.417566525260316";"0.381700732741998";"0.992779783393502";"0.897563176895307";"2.73558000116408";"0.851063829787234";"13.3655063291139";"2013"
"123";"Mantenópolis - ES";"0.35077288941736";"0.332936979785969";"0.854111405835544";"0.771883289124668";"4.25531914893617";"1";"15.8205128205128";"2013"
"124";"Marataízes - ES";"0.274257864421799";"0.253433761630483";"1.11031664964249";"1.02145045965271";"6.45682001614205";"0.916666666666667";"16.247619047619";"2013"
"125";"Marechal Floriano - ES";"0.286147623862487";"0.345803842264914";"1.33418367346939";"1.05357142857143";"8.83838383838384";"0.928571428571429";"14.6530612244898";"2013"
"126";"Marilândia - ES";"0.194192377495463";"0.177858439201452";"1.16666666666667";"1.06349206349206";"8.7527352297593";"1";"14.3214285714286";"2013"
"127";"Mimoso do Sul - ES";"0.211938296445339";"0.219315895372233";"0.781299524564184";"0.73851030110935";"5.7660626029654";"1";"12.0746268656716";"2013"
"128";"Montanha - ES";"0.377757352941176";"0.345588235294118";"1.01481481481481";"0.925925925925926";"4.31499460625674";"0.875";"23.390243902439";"2013"
"129";"Mucurici - ES";"0.353191489361702";"0.314893617021277";"0.97841726618705";"0.913669064748201";"10.8695652173913";"1";"16.8461538461538";"2013"
"130";"Muniz Freire - ES";"0.261336515513126";"0.25417661097852";"0.775193798449612";"0.728682170542636";"6.71140939597315";"1";"15.0975609756098";"2013"
"131";"Muqui - ES";"0.261363636363636";"0.265625";"0.868493150684931";"0.772602739726027";"10.5777054515867";"1";"15.8709677419355";"2013"
"132";"Nova Venécia - ES";"0.29449715370019";"0.274762808349146";"0.896850393700787";"0.810236220472441";"3.95865405762041";"0.888888888888889";"15.9272727272727";"2013"
"133";"Pancas - ES";"0.241860465116279";"0.214883720930233";"0.668549905838041";"0.612052730696798";"3.78378378378378";"0.857142857142857";"13.6666666666667";"2013"
"134";"Pedro Canário - ES";"0.175270108043217";"0.186074429771909";"0.867665418227216";"0.747815230961298";"3.13698152666434";"0.555555555555556";"16.1803278688525";"2013"
"135";"Pinheiros - ES";"0.205175600739372";"0.202711028958718";"0.995092024539877";"0.901840490797546";"4.26590828297192";"0.916666666666667";"18.8913043478261";"2013"
"136";"Piúma - ES";"0.310494362532524";"0.281873373807459";"1.16739130434783";"1.06086956521739";"6.05726872246696";"0.909090909090909";"15.6491228070175";"2013"
"137";"Ponto Belo - ES";"0.3";"0.297560975609756";"0.962790697674419";"0.906976744186046";"6.95410292072323";"1";"15";"2013"
"138";"Presidente Kennedy - ES";"0.195548489666137";"0.181240063593005";"1.19433198380567";"1.05263157894737";"14.8367952522255";"1";"13.6333333333333";"2013"
"139";"Rio Bananal - ES";"0.260827718960539";"0.238691049085659";"0.891705069124424";"0.783410138248848";"7.05882352941176";"1";"14";"2013"
"140";"Rio Novo do Sul - ES";"0.480730223123732";"0.405679513184584";"1.00411522633745";"0.930041152263374";"10.477299185099";"0.888888888888889";"10.6888888888889";"2013"
"141";"Santa Leopoldina - ES";"0.228040540540541";"0.216216216216216";"0.751131221719457";"0.665158371040724";"9.87925356750823";"1";"15.8421052631579";"2013"
"142";"Santa Maria de Jetibá - ES";"0.194858611825193";"0.194344473007712";"0.867602808425276";"0.770310932798395";"7.09622480840193";"1";"16.3684210526316";"2013"
"143";"Santa Teresa - ES";"0.351851851851852";"0.333333333333333";"0.938848920863309";"0.868705035971223";"9.52380952380952";"1";"12.3428571428571";"2013"
"144";"São Domingos do Norte - ES";"0.176252319109462";"0.170686456400742";"1.05314009661836";"0.93719806763285";"11.7924528301887";"1";"16.4736842105263";"2013"
"145";"São Gabriel da Palha - ES";"0.223200414293112";"0.206628689798032";"0.771365149833518";"0.699223085460599";"2.44125724748245";"0.875";"21.6538461538462";"2013"
"146";"São José do Calçado - ES";"0.366782006920415";"0.389273356401384";"0.957095709570957";"0.821782178217822";"13.9303482587065";"0.928571428571429";"12.2439024390244";"2013"
"147";"São Mateus - ES";"0.313536328007235";"0.285951160687368";"0.99052540913006";"0.888314671260408";"6.87022900763359";"0.888888888888889";"15.3720930232558";"2013"
"148";"São Roque do Canaã - ES";"0.277210884353741";"0.261904761904762";"1.28708133971292";"1.13397129186603";"6.50759219088937";"1";"12.5151515151515";"2013"
"149";"Serra - ES";"0.223285791774353";"0.200631760313966";"0.869255566384287";"0.787540295374466";"1.68093204783894";"0.689655172413793";"17.6051136363636";"2013"
"150";"Sooretama - ES";"0.336162187647336";"0.305987741631306";"0.845733041575492";"0.776805251641138";"2.86615075952995";"1";"17.0804597701149";"2013"
"151";"Vargem Alta - ES";"0.186440677966102";"0.174576271186441";"0.935201401050788";"0.840630472854641";"7.86627335299902";"0.9375";"14.5";"2013"
"152";"Venda Nova do Imigrante - ES";"0.446700507614213";"0.441624365482233";"0.956607495069034";"0.857988165680473";"6.21820237422272";"0.818181818181818";"14.9193548387097";"2013"
"153";"Viana - ES";"0.312978819287968";"0.298557908968004";"0.899208443271768";"0.786279683377309";"2.74876305662452";"0.95";"20.2156862745098";"2013"
"154";"Vila Pavão - ES";"0.123430962343096";"0.110878661087866";"0.917808219178082";"0.844748858447489";"8.70646766169154";"1";"14.4444444444444";"2013"
"155";"Vila Valério - ES";"0.377450980392157";"0.344771241830065";"1.04972375690608";"0.955801104972376";"7.12377560106857";"1";"16.9722222222222";"2013"
"156";"Vila Velha - ES";"0.196021308473448";"0.192858331946063";"0.796343277053626";"0.701600909806666";"2.13483418645836";"0.375";"19.8748201438849";"2013"
"157";"Vitória - ES";"0.677209510991476";"0.658423059668013";"1.08488731266445";"0.957785150440453";"2.86155231174844";"0.528089887640449";"18.4274611398964";"2013"
"158";"Espírito Santo";"1.22361057595273";"1.168804242124";"0.928958210712184";"0.828977830096135";"4.31685204377239";"0.834908632640202";"16.6129506990434";"2013"
"159";"Afonso Cláudio - ES";"0.283977900552486";"0.302209944751381";"0.908151549942595";"0.7451205510907";"6.13695090439276";"1";"9.9140625";"2014"
"160";"Águia Branca - ES";"0.161687170474517";"0.209138840070299";"1.21338912133891";"1.07112970711297";"7.847533632287";"1";"13.4285714285714";"2014"
"161";"Água Doce do Norte - ES";"0.142215568862275";"0.134730538922156";"1.12732919254658";"1.03726708074534";"7.7720207253886";"1";"21.8095238095238";"2014"
"162";"Afonso Cláudio - ES";"0.283977900552486";"0.302209944751381";"0.908151549942595";"0.7451205510907";"6.13695090439276";"1";"9.9140625";"2014"
"163";"Águia Branca - ES";"0.161687170474517";"0.209138840070299";"1.21338912133891";"1.07112970711297";"7.847533632287";"1";"13.4285714285714";"2014"
"164";"Água Doce do Norte - ES";"0.142215568862275";"0.134730538922156";"1.12732919254658";"1.03726708074534";"7.7720207253886";"1";"21.8095238095238";"2014"
"165";"Alegre - ES";"0.495664739884393";"0.475433526011561";"0.845956354300385";"0.799743260590501";"12.1473354231975";"0.903225806451613";"14.7640449438202";"2014"
"166";"Alfredo Chaves - ES";"0.329161451814768";"0.342928660826033";"1.37179487179487";"1.27777777777778";"9.28270042194093";"1";"10.7";"2014"
"167";"Alto Rio Novo - ES";"0.418848167539267";"0.382198952879581";"1.10859728506787";"1.01809954751131";"12.6404494382022";"1";"13.9655172413793";"2014"
"168";"Anchieta - ES";"0.688194444444444";"0.700694444444444";"1.28158295281583";"1.15829528158295";"13.7429264349232";"0.882352941176471";"10.6204819277108";"2014"
"169";"Apiacá - ES";"0.169300225733634";"0.173814898419865";"1.16352201257862";"1.15094339622642";"11.9940029985007";"1";"12.85";"2014"
"170";"Aracruz - ES";"0.275581198031563";"0.357542847446123";"1.32240647898187";"1.0370227535673";"3.5468179975679";"0.857142857142857";"15.702380952381";"2014"
"171";"Atílio Vivacqua - ES";"0.632692307692308";"0.592307692307692";"1.22972972972973";"1.13963963963964";"11.6009280742459";"1";"12.1555555555556";"2014"
"172";"Baixo Guandu - ES";"0.361993769470405";"0.347663551401869";"0.928940568475452";"0.84108527131783";"12.6857557085901";"0.914285714285714";"9.75384615384615";"2014"
"173";"Barra de São Francisco - ES";"0.184539598332702";"0.175824175824176";"0.927083333333333";"0.833333333333333";"6.0093478744714";"0.925925925925926";"19.5714285714286";"2014"
"174";"Boa Esperança - ES";"0.31360201511335";"0.301007556675063";"1.14824797843666";"1.01347708894879";"6.01051840721262";"1";"15";"2014"
"175";"Bom Jesus do Norte - ES";"0.572368421052632";"0.541666666666667";"1.3875";"1.31875";"8.46262341325811";"0.833333333333333";"15.5161290322581";"2014"
"176";"Brejetuba - ES";"0.215363511659808";"0.203017832647462";"1.04485488126649";"0.952506596306069";"8.62068965517241";"1";"11.2857142857143";"2014"
"177";"Cachoeiro de Itapemirim - ES";"0.448823309675009";"0.428184534927157";"0.921825910182961";"0.830900018480872";"3.50095480585614";"0.878787878787879";"17.8117001828154";"2014"
"178";"Cariacica - ES";"0.158751819505095";"0.149426855895196";"0.835645769099007";"0.749057896539911";"2.14603110482731";"0.517647058823529";"17.6858288770053";"2014"
"179";"Castelo - ES";"0.4";"0.377408637873754";"0.936320754716981";"0.845518867924528";"7.58670520231214";"0.904761904761905";"16.0459770114943";"2014"
"180";"Colatina - ES";"0.485889806104819";"0.447686696102899";"1.02253725917848";"0.931661214103962";"9.40505125224559";"0.910112359550562";"14.8632478632479";"2014"
"181";"Conceição da Barra - ES";"0.346621293145357";"0.311618862421001";"0.997775305895439";"0.887652947719689";"5.0029429075927";"1";"18.3411764705882";"2014"
"182";"Conceição do Castelo - ES";"0.361525704809287";"0.344941956882255";"0.890845070422535";"0.809859154929577";"8.7378640776699";"1";"11.775";"2014"
"183";"Divino de São Lourenço - ES";"0.0855855855855856";"0.0585585585585586";"0.829268292682927";"0.739837398373984";"4.96277915632754";"1";"15.125";"2014"
"184";"Domingos Martins - ES";"0.285335102853351";"0.293297942932979";"0.983431952662722";"0.869822485207101";"13.7731061978978";"0.973684210526316";"12.8673469387755";"2014"
"185";"Dores do Rio Preto - ES";"0.161392405063291";"0.132911392405063";"0.983240223463687";"0.905027932960894";"10.2389078498294";"1";"16.9230769230769";"2014"
"186";"Ecoporanga - ES";"0.531584062196307";"0.500485908649174";"1.0163132137031";"0.929853181076672";"9.79381443298969";"0.947368421052632";"18.5471698113208";"2014"
"187";"Fundão - ES";"0.311688311688312";"0.270871985157699";"0.825490196078431";"0.73921568627451";"3.80641653072322";"1";"15.14";"2014"
"188";"Governador Lindenberg - ES";"0.327272727272727";"0.300699300699301";"1.14859437751004";"1.01606425702811";"8.25688073394495";"1";"9.28571428571429";"2014"
"189";"Guaçuí - ES";"0.287055667337357";"0.272971160295104";"0.844106463878327";"0.752851711026616";"5.20833333333333";"0.857142857142857";"14.5866666666667";"2014"
"190";"Guarapari - ES";"0.354019746121298";"0.331139319855822";"1.00565912117177";"0.890479360852197";"4.08645114420632";"0.755555555555556";"17.7777777777778";"2014"
"191";"Ibatiba - ES";"0.119278779472954";"0.108876560332871";"0.90684133915575";"0.83551673944687";"5.70729718711782";"1";"19.7179487179487";"2014"
"192";"Ibiraçu - ES";"0.428571428571429";"0.409638554216867";"1.10861423220974";"0.99625468164794";"9.05432595573441";"0.888888888888889";"11.5957446808511";"2014"
"193";"Ibitirama - ES";"0.256048387096774";"0.245967741935484";"0.957894736842105";"0.821052631578947";"9.59488272921109";"1";"7.48979591836735";"2014"
"194";"Iconha - ES";"0.52089552238806";"0.488059701492537";"1.0536398467433";"0.938697318007663";"8.52272727272727";"1";"12.2352941176471";"2014"
"195";"Irupi - ES";"0.353915662650602";"0.326807228915663";"1.02430555555556";"0.947916666666667";"6.21669626998224";"1";"16.0606060606061";"2014"
"196";"Itaguaçu - ES";"0.362862010221465";"0.337308347529813";"1.04850746268657";"0.906716417910448";"9.10010111223458";"1";"15.9354838709677";"2014"
"197";"Itapemirim - ES";"0.496972754793138";"0.461150353178607";"1.20090293453725";"1.09706546275395";"9.88912196583758";"1";"16.0078125";"2014"
"198";"Itarana - ES";"0.196428571428571";"0.181818181818182";"0.338308457711443";"0.316749585406302";"10.8342361863489";"1";"17.1052631578947";"2014"
"199";"Iúna - ES";"0.212947189097104";"0.190800681431005";"0.994326241134752";"0.892198581560284";"6.39204545454545";"0.888888888888889";"14.943661971831";"2014"
"200";"Afonso Cláudio - ES";"0.283977900552486";"0.302209944751381";"0.908151549942595";"0.7451205510907";"6.13695090439276";"1";"9.9140625";"2014"
"201";"Águia Branca - ES";"0.161687170474517";"0.209138840070299";"1.21338912133891";"1.07112970711297";"7.847533632287";"1";"13.4285714285714";"2014"
"202";"Água Doce do Norte - ES";"0.142215568862275";"0.134730538922156";"1.12732919254658";"1.03726708074534";"7.7720207253886";"1";"21.8095238095238";"2014"
"203";"Alegre - ES";"0.495664739884393";"0.475433526011561";"0.845956354300385";"0.799743260590501";"12.1473354231975";"0.903225806451613";"14.7640449438202";"2014"
"204";"Alfredo Chaves - ES";"0.329161451814768";"0.342928660826033";"1.37179487179487";"1.27777777777778";"9.28270042194093";"1";"10.7";"2014"
"205";"Alto Rio Novo - ES";"0.418848167539267";"0.382198952879581";"1.10859728506787";"1.01809954751131";"12.6404494382022";"1";"13.9655172413793";"2014"
"206";"Anchieta - ES";"0.688194444444444";"0.700694444444444";"1.28158295281583";"1.15829528158295";"13.7429264349232";"0.882352941176471";"10.6204819277108";"2014"
"207";"Apiacá - ES";"0.169300225733634";"0.173814898419865";"1.16352201257862";"1.15094339622642";"11.9940029985007";"1";"12.85";"2014"
"208";"Aracruz - ES";"0.275581198031563";"0.357542847446123";"1.32240647898187";"1.0370227535673";"3.5468179975679";"0.857142857142857";"15.702380952381";"2014"
"209";"Atílio Vivacqua - ES";"0.632692307692308";"0.592307692307692";"1.22972972972973";"1.13963963963964";"11.6009280742459";"1";"12.1555555555556";"2014"
"210";"Baixo Guandu - ES";"0.361993769470405";"0.347663551401869";"0.928940568475452";"0.84108527131783";"12.6857557085901";"0.914285714285714";"9.75384615384615";"2014"
"211";"Barra de São Francisco - ES";"0.184539598332702";"0.175824175824176";"0.927083333333333";"0.833333333333333";"6.0093478744714";"0.925925925925926";"19.5714285714286";"2014"
"212";"Boa Esperança - ES";"0.31360201511335";"0.301007556675063";"1.14824797843666";"1.01347708894879";"6.01051840721262";"1";"15";"2014"
"213";"Bom Jesus do Norte - ES";"0.572368421052632";"0.541666666666667";"1.3875";"1.31875";"8.46262341325811";"0.833333333333333";"15.5161290322581";"2014"
"214";"Brejetuba - ES";"0.215363511659808";"0.203017832647462";"1.04485488126649";"0.952506596306069";"8.62068965517241";"1";"11.2857142857143";"2014"
"215";"Cachoeiro de Itapemirim - ES";"0.448823309675009";"0.428184534927157";"0.921825910182961";"0.830900018480872";"3.50095480585614";"0.878787878787879";"17.8117001828154";"2014"
"216";"Cariacica - ES";"0.158751819505095";"0.149426855895196";"0.835645769099007";"0.749057896539911";"2.14603110482731";"0.517647058823529";"17.6858288770053";"2014"
"217";"Castelo - ES";"0.4";"0.377408637873754";"0.936320754716981";"0.845518867924528";"7.58670520231214";"0.904761904761905";"16.0459770114943";"2014"
"218";"Colatina - ES";"0.485889806104819";"0.447686696102899";"1.02253725917848";"0.931661214103962";"9.40505125224559";"0.910112359550562";"14.8632478632479";"2014"
"219";"Conceição da Barra - ES";"0.346621293145357";"0.311618862421001";"0.997775305895439";"0.887652947719689";"5.0029429075927";"1";"18.3411764705882";"2014"
"220";"Conceição do Castelo - ES";"0.361525704809287";"0.344941956882255";"0.890845070422535";"0.809859154929577";"8.7378640776699";"1";"11.775";"2014"
"221";"Divino de São Lourenço - ES";"0.0855855855855856";"0.0585585585585586";"0.829268292682927";"0.739837398373984";"4.96277915632754";"1";"15.125";"2014"
"222";"Domingos Martins - ES";"0.285335102853351";"0.293297942932979";"0.983431952662722";"0.869822485207101";"13.7731061978978";"0.973684210526316";"12.8673469387755";"2014"
"223";"Dores do Rio Preto - ES";"0.161392405063291";"0.132911392405063";"0.983240223463687";"0.905027932960894";"10.2389078498294";"1";"16.9230769230769";"2014"
"224";"Ecoporanga - ES";"0.531584062196307";"0.500485908649174";"1.0163132137031";"0.929853181076672";"9.79381443298969";"0.947368421052632";"18.5471698113208";"2014"
"225";"Fundão - ES";"0.311688311688312";"0.270871985157699";"0.825490196078431";"0.73921568627451";"3.80641653072322";"1";"15.14";"2014"
"226";"Governador Lindenberg - ES";"0.327272727272727";"0.300699300699301";"1.14859437751004";"1.01606425702811";"8.25688073394495";"1";"9.28571428571429";"2014"
"227";"Guaçuí - ES";"0.287055667337357";"0.272971160295104";"0.844106463878327";"0.752851711026616";"5.20833333333333";"0.857142857142857";"14.5866666666667";"2014"
"228";"Guarapari - ES";"0.354019746121298";"0.331139319855822";"1.00565912117177";"0.890479360852197";"4.08645114420632";"0.755555555555556";"17.7777777777778";"2014"
"229";"Ibatiba - ES";"0.119278779472954";"0.108876560332871";"0.90684133915575";"0.83551673944687";"5.70729718711782";"1";"19.7179487179487";"2014"
"230";"Ibiraçu - ES";"0.428571428571429";"0.409638554216867";"1.10861423220974";"0.99625468164794";"9.05432595573441";"0.888888888888889";"11.5957446808511";"2014"
"231";"Ibitirama - ES";"0.256048387096774";"0.245967741935484";"0.957894736842105";"0.821052631578947";"9.59488272921109";"1";"7.48979591836735";"2014"
"232";"Iconha - ES";"0.52089552238806";"0.488059701492537";"1.0536398467433";"0.938697318007663";"8.52272727272727";"1";"12.2352941176471";"2014"
"233";"Irupi - ES";"0.353915662650602";"0.326807228915663";"1.02430555555556";"0.947916666666667";"6.21669626998224";"1";"16.0606060606061";"2014"
"234";"Itaguaçu - ES";"0.362862010221465";"0.337308347529813";"1.04850746268657";"0.906716417910448";"9.10010111223458";"1";"15.9354838709677";"2014"
"235";"Itapemirim - ES";"0.500253936008126";"0.464195022854241";"1.20090293453725";"1.09706546275395";"9.88912196583758";"1";"16.0078125";"2014"
"236";"Itarana - ES";"0.535398230088496";"0.495575221238938";"0.957746478873239";"0.896713615023474";"18.7617260787992";"1";"17.1052631578947";"2014"
"237";"Iúna - ES";"0.212947189097104";"0.190800681431005";"0.994326241134752";"0.892198581560284";"6.39204545454545";"0.888888888888889";"14.943661971831";"2014"
"238";"Jaguaré - ES";"0.36198860693941";"0.327809425168307";"1.07872078720787";"0.988929889298893";"5.08744038155803";"0.9375";"19.6103896103896";"2014"
"239";"Jerônimo Monteiro - ES";"0.282";"0.252";"1.07722007722008";"1.003861003861";"2.21483942414175";"1";"16.1538461538462";"2014"
"240";"João Neiva - ES";"0.371571072319202";"0.349127182044888";"1.13573407202216";"1.0387811634349";"7.34753857457752";"0.9";"13.8823529411765";"2014"
"241";"Laranja da Terra - ES";"0.127710843373494";"0.118072289156627";"1.06030150753769";"0.964824120603015";"16.4609053497942";"1";"15.5294117647059";"2014"
"242";"Linhares - ES";"0.417076226269635";"0.379493109761974";"0.958587619877942";"0.869877942458588";"2.94168541270116";"0.862745098039216";"13.5654952076677";"2014"
"243";"Mantenópolis - ES";"0.336075205640423";"0.311398354876616";"0.924675324675325";"0.864935064935065";"4.93653032440056";"1";"12.5882352941176";"2014"
"244";"Marataízes - ES";"0.270353982300885";"0.249557522123894";"1.13785790031813";"1.02757158006363";"6.519967400163";"0.916666666666667";"15.0357142857143";"2014"
"245";"Marechal Floriano - ES";"0.360323886639676";"0.351214574898785";"1.07875894988067";"0.9618138424821";"8.69025450031037";"0.928571428571429";"14.4901960784314";"2014"
"246";"Marilândia - ES";"0.220825852782765";"0.201077199281867";"1.29741379310345";"1.16379310344828";"8.94854586129754";"1";"15.1428571428571";"2014"
"247";"Mimoso do Sul - ES";"0.219973890339426";"0.203655352480418";"0.862068965517241";"0.756978653530378";"5.8187863674148";"1";"11.6486486486486";"2014"
"248";"Montanha - ES";"0.480769230769231";"0.445192307692308";"1.09650924024641";"0.989733059548255";"4.99722376457524";"0.888888888888889";"21.5416666666667";"2014"
"249";"Mucurici - ES";"0.347490347490348";"0.305019305019305";"0.960526315789474";"0.861842105263158";"10.5708245243129";"1";"16.8571428571429";"2014"
"250";"Muniz Freire - ES";"0.240043057050592";"0.246501614639397";"0.818355640535373";"0.72848948374761";"7.29040097205346";"1";"14.1521739130435";"2014"
"251";"Muqui - ES";"0.256338028169014";"0.22112676056338";"0.918604651162791";"0.86046511627907";"11.5894039735099";"1";"16.448275862069";"2014"
"252";"Nova Venécia - ES";"0.287686567164179";"0.261567164179104";"0.939702427564605";"0.859827721221613";"4.17215634606939";"0.894736842105263";"15.5210084033613";"2014"
"253";"Pancas - ES";"0.225983531564501";"0.197621225983532";"0.816901408450704";"0.754527162977867";"3.85462555066079";"0.857142857142857";"14.5111111111111";"2014"
"254";"Pedro Canário - ES";"0.134284016636958";"0.182412358882947";"0.924812030075188";"0.746867167919799";"3.14026517794836";"0.666666666666667";"17.8518518518519";"2014"
"255";"Pinheiros - ES";"0.249841471147749";"0.256182625237793";"0.98719590268886";"0.875800256081946";"4.31810003598417";"0.916666666666667";"18.9375";"2014"
"256";"Piúma - ES";"0.312900274473925";"0.299176578225069";"1.36768149882904";"1.18501170960187";"6.73022994952328";"0.916666666666667";"15.8965517241379";"2014"
"257";"Ponto Belo - ES";"0.302798982188295";"0.325699745547074";"1.20212765957447";"1.11702127659574";"7.22543352601156";"1";"15.6818181818182";"2014"
"258";"Presidente Kennedy - ES";"0.349840255591054";"0.330670926517572";"1.18250950570342";"1.03422053231939";"15.5793573515093";"1";"13.9189189189189";"2014"
"259";"Rio Bananal - ES";"0.305447470817121";"0.285019455252918";"0.979545454545454";"0.870454545454545";"7.62016412661196";"1";"16.5555555555556";"2014"
"260";"Rio Novo do Sul - ES";"0.442622950819672";"0.418032786885246";"1.07258064516129";"0.939516129032258";"10.4166666666667";"0.888888888888889";"10.2553191489362";"2014"
"261";"Santa Leopoldina - ES";"0.242753623188406";"0.230072463768116";"1.16161616161616";"1.08585858585859";"12.3873873873874";"1";"16.5454545454545";"2014"
"262";"Santa Maria de Jetibá - ES";"0.226065162907268";"0.208020050125313";"0.859778597785978";"0.793357933579336";"7.4792243767313";"1";"17.506329113924";"2014"
"263";"Santa Teresa - ES";"0.348049281314168";"0.328542094455852";"1.04780114722753";"0.956022944550669";"9.70319634703196";"1";"12.8550724637681";"2014"
"264";"São Domingos do Norte - ES";"0.178637200736648";"0.186003683241252";"1.03827751196172";"0.913875598086124";"11.7647058823529";"1";"16.5263157894737";"2014"
"265";"São Gabriel da Palha - ES";"0.219868885526979";"0.202723146747353";"0.793416572077185";"0.720771850170261";"2.76327909118821";"0.888888888888889";"20.6363636363636";"2014"
"266";"São José do Calçado - ES";"0.349005424954792";"0.361663652802893";"1.05860805860806";"0.926739926739927";"12.3076923076923";"0.916666666666667";"11.7560975609756";"2014"
"267";"São Mateus - ES";"0.2975432211101";"0.268577494692144";"1.02912621359223";"0.929979405707561";"7.26123355544165";"0.894117647058824";"15.0466472303207";"2014"
"268";"São Roque do Canaã - ES";"0.253807106598985";"0.233502538071066";"1.04484304932735";"0.928251121076233";"6.41025641025641";"1";"11.6060606060606";"2014"
"269";"Serra - ES";"0.211879404099231";"0.181859133176743";"0.882445929438816";"0.795573758712366";"1.60504442533677";"0.714285714285714";"17.7145539906103";"2014"
"270";"Sooretama - ES";"0.381151346332405";"0.344939647168059";"0.966629588431591";"0.882091212458287";"3.16637881404721";"1";"17.4226804123711";"2014"
"271";"Vargem Alta - ES";"0.228736581337737";"0.219653179190751";"1.02777777777778";"0.940740740740741";"7.98801797304044";"0.9375";"16.9795918367347";"2014"
"272";"Venda Nova do Imigrante - ES";"0.535183349851338";"0.537165510406343";"1.02737226277372";"0.886861313868613";"6.07734806629834";"0.818181818181818";"13.9620253164557";"2014"
"273";"Viana - ES";"0.327630057803468";"0.300578034682081";"0.921923474663909";"0.834022750775595";"2.87081339712919";"0.904761904761905";"20.7792207792208";"2014"
"274";"Vila Pavão - ES";"0.154661016949153";"0.13771186440678";"0.879396984924623";"0.804020100502513";"8.92857142857143";"1";"14.5882352941176";"2014"
"275";"Vila Valério - ES";"0.434782608695652";"0.38628762541806";"1.24923076923077";"1.13230769230769";"6.44567219152855";"1";"15.8571428571429";"2014"
"276";"Vila Velha - ES";"0.214077608411097";"0.213233120803952";"0.855077512628462";"0.753265981536318";"2.10796666020547";"0.390804597701149";"20.0646900269542";"2014"
"277";"Vitória - ES";"0.732947847077977";"0.699320720821872";"1.07725898555593";"0.979957451573172";"3.06787677361626";"0.5";"18.2146892655367";"2014"
"278";"Espírito Santo";"1.38484082058694";"1.31259785619656";"0.959226458717034";"0.85889925153807";"4.41042513561649";"0.840937114673243";"16.3599320882852";"2014"
"279";"Afonso Cláudio - ES";"0.295929592959296";"0.271177117711771";"0.790940766550523";"0.732868757259001";"5.83279325988334";"1";"10.0743801652893";"2015"
"280";"Águia Branca - ES";"0.190298507462687";"0.205223880597015";"1.16746411483254";"1.11004784688995";"8.12064965197216";"1";"12.8846153846154";"2015"
"281";"Água Doce do Norte - ES";"0.129850746268657";"0.123880597014925";"1.12307692307692";"1.03076923076923";"7.75193798449612";"1";"20.5454545454545";"2015"
"282";"Alegre - ES";"0.489439184268026";"0.453022578295703";"0.823529411764706";"0.767263427109974";"10.5675146771037";"0.888888888888889";"14.6931818181818";"2015"
"283";"Alfredo Chaves - ES";"0.317283950617284";"0.317283950617284";"1.14285714285714";"1.09774436090226";"12.3253903040263";"1";"11.5609756097561";"2015"
"284";"Alto Rio Novo - ES";"0.385964912280702";"0.345864661654135";"1.05555555555556";"0.976851851851852";"12.7298444130127";"1";"13.6428571428571";"2015"
"285";"Anchieta - ES";"0.663454920853407";"0.675154852030282";"1.21770682148041";"1.11465892597968";"13.5674381484437";"0.882352941176471";"10.6646341463415";"2015"
"286";"Apiacá - ES";"0.218390804597701";"0.229885057471264";"1.05633802816901";"1";"12.3076923076923";"1";"13.5";"2015"
"287";"Aracruz - ES";"0.259592529711375";"0.348387096774194";"1.26252804786836";"0.970082273747195";"3.51794150165846";"0.857142857142857";"15.5731707317073";"2015"
"288";"Atílio Vivacqua - ES";"0.603206412825651";"0.571142284569138";"1.17948717948718";"1.04700854700855";"10.2974828375286";"1";"11.8863636363636";"2015"
"289";"Baixo Guandu - ES";"0.375076359193647";"0.351863164324985";"0.91264667535854";"0.814863102998696";"12.718023255814";"0.914285714285714";"8.69387755102041";"2015"
"290";"Barra de São Francisco - ES";"0.170628834355828";"0.167177914110429";"0.926289926289926";"0.82964782964783";"6.04567845947156";"0.925925925925926";"19.219512195122";"2015"
"291";"Boa Esperança - ES";"0.32375";"0.2775";"1.12146892655367";"1.0225988700565";"6.0882800608828";"1";"14.9090909090909";"2015"
"292";"Bom Jesus do Norte - ES";"0.556541019955654";"0.492239467849224";"1.39520958083832";"1.29341317365269";"8.37988826815642";"0.833333333333333";"16.0333333333333";"2015"
"293";"Brejetuba - ES";"0.239316239316239";"0.205128205128205";"1.09677419354839";"1";"8.88529886914378";"1";"11.2702702702703";"2015"
"294";"Cachoeiro de Itapemirim - ES";"0.457807681525091";"0.426782543687506";"0.92005976839746";"0.832835263354501";"3.56477786645384";"0.895522388059702";"16.9982547993019";"2015"
"295";"Cariacica - ES";"0.161037778789258";"0.147109695038689";"0.832020997375328";"0.745660824654983";"2.21422640464988";"0.511363636363636";"17.4268929503916";"2015"
"296";"Castelo - ES";"0.390260173448966";"0.365577051367578";"0.948502994011976";"0.858682634730539";"7.62250453720508";"0.904761904761905";"15.4719101123596";"2015"
"297";"Colatina - ES";"0.489405587849241";"0.447402962685168";"0.982716902868994";"0.891462150017283";"8.84955752212389";"0.905882352941176";"13.8233766233766";"2015"
"298";"Conceição da Barra - ES";"0.369565217391304";"0.323724007561437";"0.981941309255079";"0.893905191873589";"5.02215657311669";"1";"17.8666666666667";"2015"
"299";"Conceição do Castelo - ES";"0.395189003436426";"0.374570446735395";"0.897526501766785";"0.819787985865724";"9.71817298347911";"1";"11.2558139534884";"2015"
"300";"Divino de São Lourenço - ES";"0.0666666666666667";"0.0533333333333333";"0.945454545454545";"0.827272727272727";"5.12820512820513";"1";"17";"2015"
"301";"Domingos Martins - ES";"0.296977660972405";"0.300919842312746";"1.0289156626506";"0.937349397590361";"13.1195335276968";"0.972222222222222";"13.7473684210526";"2015"
"302";"Dores do Rio Preto - ES";"0.128834355828221";"0.110429447852761";"1";"0.929347826086957";"10.1522842639594";"1";"15.8571428571429";"2015"
"303";"Ecoporanga - ES";"0.567647058823529";"0.527450980392157";"0.952136752136752";"0.829059829059829";"9.93723849372385";"0.947368421052632";"18.0363636363636";"2015"
"304";"Fundão - ES";"0.313942751615882";"0.277008310249307";"0.935606060606061";"0.857954545454545";"3.23101777059774";"1";"14.8928571428571";"2015"
"305";"Governador Lindenberg - ES";"0.326027397260274";"0.306849315068493";"1.07053941908714";"0.941908713692946";"7.39371534195933";"1";"8.55172413793103";"2015"
"306";"Guaçuí - ES";"0.317394317394317";"0.297990297990298";"0.824604141291108";"0.758830694275274";"5.88235294117647";"0.875";"14.7402597402597";"2015"
"307";"Guarapari - ES";"0.360488483536868";"0.335445973102489";"0.973307912297426";"0.882427708929139";"3.94441954280592";"0.772727272727273";"17.7467105263158";"2015"
"308";"Ibatiba - ES";"0.106749311294766";"0.106749311294766";"0.980061349693252";"0.878834355828221";"5.78990901571547";"0.928571428571429";"17.75";"2015"
"309";"Ibiraçu - ES";"0.490367775831874";"0.467600700525394";"1.07142857142857";"1.00714285714286";"8.93743793445879";"0.888888888888889";"10.5454545454545";"2015"
"310";"Ibitirama - ES";"0.2475442043222";"0.229862475442043";"0.756849315068493";"0.657534246575342";"9.52380952380952";"1";"5.85714285714286";"2015"
"311";"Iconha - ES";"0.587423312883436";"0.547546012269939";"1.00389105058366";"0.898832684824903";"8.55513307984791";"1";"12.82";"2015"
"312";"Irupi - ES";"0.328267477203647";"0.303951367781155";"0.847305389221557";"0.766467065868264";"5.97269624573379";"1";"18.4814814814815";"2015"
"313";"Itaguaçu - ES";"0.359240069084629";"0.343696027633851";"1.03914590747331";"0.96085409252669";"8.98203592814371";"1";"11.3636363636364";"2015"
"314";"Itapemirim - ES";"0.544348707551951";"0.514951849974658";"1.13862433862434";"1.05396825396825";"10.0117785630153";"1";"15.6934306569343";"2015"
"315";"Itarana - ES";"0.620535714285714";"0.584821428571429";"1.01515151515152";"0.924242424242424";"19.3050193050193";"1";"17";"2015"
"316";"Iúna - ES";"0.237054085155351";"0.222669735327963";"0.991643454038997";"0.901114206128134";"6.00919052668788";"0.882352941176471";"12.9195402298851";"2015"
"317";"Jaguaré - ES";"0.325895173845355";"0.311883757135444";"1.11153358681876";"0.992395437262357";"5.12656199935918";"0.9375";"19.2567567567568";"2015"
"318";"Jerônimo Monteiro - ES";"0.261036468330134";"0.228406909788868";"1.03007518796992";"0.932330827067669";"2.1978021978022";"1";"15.1851851851852";"2015"
"319";"João Neiva - ES";"0.44792973651192";"0.407779171894605";"1.00819672131148";"0.912568306010929";"7.32064421669107";"0.9";"12.9642857142857";"2015"
"320";"Laranja da Terra - ES";"0.0885780885780886";"0.0792540792540792";"1.08530805687204";"0.981042654028436";"17.5438596491228";"1";"14.0526315789474";"2015"
"321";"Linhares - ES";"0.434824342484162";"0.401036667306585";"0.965045272688987";"0.872815329543062";"2.91461881357869";"0.862745098039216";"12.9548104956268";"2015"
"322";"Mantenópolis - ES";"0.329024676850764";"0.307873090481786";"1.00267379679144";"0.949197860962567";"5.68585643212509";"1";"13.1";"2015"
"323";"Marataízes - ES";"0.325932504440497";"0.3050621669627";"1.03649635036496";"0.932221063607925";"6.4917500676224";"0.916666666666667";"14.4";"2015"
"324";"Marechal Floriano - ES";"0.294921875";"0.3427734375";"1.33906633906634";"1.07616707616708";"8.75547217010632";"0.928571428571429";"15.12";"2015"
"325";"Marilândia - ES";"0.136279926335175";"0.211786372007366";"1.50462962962963";"1.18055555555556";"9.11161731207289";"1";"14.95";"2015"
"326";"Mimoso do Sul - ES";"0.16644385026738";"0.157085561497326";"0.949211908931699";"0.845884413309983";"6.33445945945946";"1";"10.8356164383562";"2015"
"327";"Montanha - ES";"0.462873674059788";"0.424300867888139";"0.962";"0.876";"4.96141124586549";"0.888888888888889";"16.5689655172414";"2015"
"328";"Mucurici - ES";"0.298039215686275";"0.274509803921569";"0.905405405405405";"0.797297297297297";"8.52878464818763";"1";"15";"2015"
"329";"Muniz Freire - ES";"0.250572082379863";"0.267734553775744";"0.979123173277662";"0.860125260960334";"7.49063670411985";"1";"15.6363636363636";"2015"
"330";"Muqui - ES";"0.274398868458274";"0.251768033946252";"0.977707006369427";"0.869426751592357";"12.7334465195246";"1";"17.0769230769231";"2015"
"331";"Nova Venécia - ES";"0.307663269158173";"0.272555681389203";"0.938660209846651";"0.86682808716707";"4.87156775907883";"0.909090909090909";"15.9745762711864";"2015"
"332";"Pancas - ES";"0.236162361623616";"0.218634686346863";"0.885106382978723";"0.795744680851064";"3.91280044717719";"0.857142857142857";"15.6279069767442";"2015"
"333";"Pedro Canário - ES";"0.134870317002882";"0.175792507204611";"0.952986022871665";"0.785260482846252";"3.1523642732049";"0.666666666666667";"17.2631578947368";"2015"
"334";"Pinheiros - ES";"0.193430656934307";"0.204987834549878";"0.991206030150754";"0.871859296482412";"4.29491768074445";"0.916666666666667";"17.3555555555556";"2015"
"335";"Piúma - ES";"0.371508379888268";"0.355679702048417";"1.16094420600858";"1.01287553648069";"6.03732162458836";"0.909090909090909";"16.1896551724138";"2015"
"336";"Ponto Belo - ES";"0.346330275229358";"0.334862385321101";"1.00487804878049";"0.985365853658537";"5.64174894217207";"1";"13.7307692307692";"2015"
"337";"Presidente Kennedy - ES";"0.540268456375839";"0.50503355704698";"0.970695970695971";"0.835164835164835";"16.3934426229508";"1";"14.3333333333333";"2015"
"338";"Rio Bananal - ES";"0.262752646775746";"0.24735322425409";"1.06666666666667";"0.972043010752688";"7.51010976314269";"1";"15.5918367346939";"2015"
"339";"Rio Novo do Sul - ES";"0.50321199143469";"0.462526766595289";"1.07171314741036";"0.972111553784861";"10.3806228373702";"0.888888888888889";"11.7209302325581";"2015"
"340";"Santa Leopoldina - ES";"0.278745644599303";"0.271777003484321";"0.961864406779661";"0.851694915254237";"11.8790496760259";"1";"15.48";"2015"
"341";"Santa Maria de Jetibá - ES";"0.221120475954388";"0.197818542389688";"0.89658273381295";"0.827338129496403";"7.97141286421111";"1";"16.3977272727273";"2015"
"342";"Santa Teresa - ES";"0.32533889468196";"0.305526590198123";"1.021484375";"0.951171875";"9.76450315910396";"1";"12.4626865671642";"2015"
"343";"São Domingos do Norte - ES";"0.217550274223035";"0.193784277879342";"0.995";"0.905";"11.8906064209275";"1";"15.1428571428571";"2015"
"344";"São Gabriel da Palha - ES";"0.205792682926829";"0.188008130081301";"0.889021479713604";"0.807875894988067";"3.11138767890479";"0.9";"20.9090909090909";"2015"
"345";"São José do Calçado - ES";"0.305903398926655";"0.323792486583184";"0.941391941391941";"0.758241758241758";"8.2051282051282";"0.875";"13.375";"2015"
"346";"São Mateus - ES";"0.292338096685923";"0.255852842809365";"1.01033668044891";"0.913762551683402";"7.1837851706149";"0.892857142857143";"14.2682926829268";"2015"
"347";"São Roque do Canaã - ES";"0.252491694352159";"0.23421926910299";"1.03643724696356";"0.951417004048583";"7.29166666666667";"1";"12.3636363636364";"2015"
"348";"Serra - ES";"0.208861168562565";"0.178451396070321";"0.870837957824639";"0.789955604883463";"1.66559412499527";"0.738636363636364";"17.7067039106145";"2015"
"349";"Sooretama - ES";"0.374883720930233";"0.348837209302326";"0.987428571428571";"0.896";"3.18840579710145";"1";"17.3958333333333";"2015"
"350";"Vargem Alta - ES";"0.220600162206002";"0.209245742092457";"1.05794392523364";"0.951401869158878";"8.00800800800801";"0.9375";"17.8297872340426";"2015"
"351";"Venda Nova do Imigrante - ES";"0.572295247724975";"0.543983822042467";"1.09433962264151";"0.994339622641509";"6.13839285714286";"0.818181818181818";"13.1724137931034";"2015"
"352";"Viana - ES";"0.377409843501928";"0.346563846677251";"0.994497248624312";"0.892946473236618";"2.710027100271";"0.9";"20.6327683615819";"2015"
"353";"Vila Pavão - ES";"0.15625";"0.139583333333333";"0.963636363636364";"0.877272727272727";"8.69565217391304";"1";"15.1052631578947";"2015"
"354";"Vila Valério - ES";"0.416938110749186";"0.372964169381107";"1.28846153846154";"1.15705128205128";"6.5237651444548";"1";"16.0487804878049";"2015"
"355";"Vila Velha - ES";"0.21675481277766";"0.21167759678443";"0.857022495576712";"0.771084337349398";"2.06437984589164";"0.406976744186047";"20.1304347826087";"2015"
"356";"Vitória - ES";"0.72805988492263";"0.691525613094241";"1.07954169879916";"0.982923873526496";"2.99001208728291";"0.521276595744681";"18.0552884615385";"2015"
"357";"Espírito Santo";"1.51992070926003";"1.43091467532185";"0.953000192938453";"0.856569554312174";"4.39151046841876";"0.844019728729963";"16.0377559934";"2015"
"358";"Afonso Cláudio - ES";"0.30939226519337";"0.298895027624309";"0.872262773722628";"0.774939172749392";"6.56383327863472";"1";"10.2983870967742";"2016"
"359";"Águia Branca - ES";"0.212765957446809";"0.24113475177305";"1.13930348258706";"1.04975124378109";"8.19672131147541";"1";"12.1071428571429";"2016"
"360";"Água Doce do Norte - ES";"0.122627737226277";"0.113868613138686";"0.964071856287425";"0.865269461077844";"6.83760683760684";"1";"15.6153846153846";"2016"
"361";"Alegre - ES";"0.519858156028369";"0.469503546099291";"0.79340937896071";"0.73510773130545";"10.5386416861827";"0.888888888888889";"15.3563218390805";"2016"
"362";"Alfredo Chaves - ES";"0.321472392638037";"0.284662576687117";"1.04778156996587";"1.00682593856655";"12.0578778135048";"1";"10.9767441860465";"2016"
"363";"Alto Rio Novo - ES";"0.329207920792079";"0.309405940594059";"1.13432835820896";"1.01990049751244";"13.0057803468208";"1";"12.8928571428571";"2016"
"364";"Anchieta - ES";"0.783549783549784";"0.783549783549784";"1.0863697705803";"0.991902834008097";"13.2916340891321";"0.882352941176471";"11.1366459627329";"2016"
"365";"Apiacá - ES";"0.221719457013575";"0.237556561085973";"1.11594202898551";"1.03623188405797";"12.3839009287926";"1";"14.1176470588235";"2016"
"366";"Aracruz - ES";"0.273393557184251";"0.368672234532129";"1.23852547885797";"0.95446331767257";"3.58494323839873";"0.833333333333333";"15.4182509505703";"2016"
"367";"Atílio Vivacqua - ES";"0.639344262295082";"0.592213114754098";"1.05747126436782";"0.980842911877395";"11.0987791342952";"1";"11.7727272727273";"2016"
"368";"Baixo Guandu - ES";"0.442271293375394";"0.407570977917981";"0.968406593406593";"0.885989010989011";"14.0066347217103";"0.921052631578947";"9.25850340136054";"2016"
"369";"Barra de São Francisco - ES";"0.223863636363636";"0.2125";"0.910699919549477";"0.818986323411102";"6.46167557932264";"0.931034482758621";"19.3595505617978";"2016"
"370";"Boa Esperança - ES";"0.339005235602094";"0.302356020942408";"1.23926380368098";"1.15337423312883";"6.22083981337481";"1";"15.4186046511628";"2016"
"371";"Bom Jesus do Norte - ES";"0.411214953271028";"0.516355140186916";"1.68062827225131";"1.31413612565445";"8.10810810810811";"0.833333333333333";"16.5333333333333";"2016"
"372";"Brejetuba - ES";"0.287749287749288";"0.253561253561254";"0.933884297520661";"0.873278236914601";"8.73015873015873";"1";"12.4722222222222";"2016"
"373";"Cachoeiro de Itapemirim - ES";"0.488901272406427";"0.466332311693136";"0.885620317924356";"0.79590718070528";"3.43660780374326";"0.876923076923077";"17.0051282051282";"2016"
"374";"Cariacica - ES";"0.151313085179265";"0.134414249828728";"0.896221662468514";"0.815869017632242";"2.25892274484213";"0.533333333333333";"17.0880195599022";"2016"
"375";"Castelo - ES";"0.439538043478261";"0.419836956521739";"0.921052631578947";"0.849282296650718";"7.25689404934688";"0.9";"17.280487804878";"2016"
"376";"Colatina - ES";"0.529478672985782";"0.493080568720379";"0.961138098542679";"0.863636363636364";"8.54700854700855";"0.902439024390244";"15.671469740634";"2016"
"377";"Conceição da Barra - ES";"0.358617378780605";"0.325012001920307";"1.08969696969697";"0.992727272727273";"4.81347773766546";"1";"18.3636363636364";"2016"
"378";"Conceição do Castelo - ES";"0.414383561643836";"0.375";"0.977198697068404";"0.912052117263844";"9.49667616334283";"1";"11.6666666666667";"2016"
"379";"Divino de São Lourenço - ES";"0.0448430493273543";"0.0403587443946188";"0.918181818181818";"0.836363636363636";"5.12820512820513";"1";"13.875";"2016"
"380";"Domingos Martins - ES";"0.384615384615385";"0.38041958041958";"1.09637046307885";"0.981226533166458";"12.9008477699963";"0.971428571428571";"13.8446601941748";"2016"
"381";"Dores do Rio Preto - ES";"0.173652694610778";"0.140718562874251";"1.09302325581395";"1.01744186046512";"10.3626943005181";"1";"16.1333333333333";"2016"
"382";"Ecoporanga - ES";"0.545112781954887";"0.520676691729323";"0.905785123966942";"0.806611570247934";"9.8343685300207";"1";"20.0612244897959";"2016"
"383";"Fundão - ES";"0.265552460538533";"0.234911792014856";"0.957746478873239";"0.877263581488934";"3.28587075575027";"1";"14.9411764705882";"2016"
"384";"Governador Lindenberg - ES";"0.360995850622407";"0.336099585062241";"1.08860759493671";"0.983122362869198";"7.42115027829314";"1";"9.26785714285714";"2016"
"385";"Guaçuí - ES";"0.392587508579272";"0.363761153054221";"0.849537037037037";"0.78587962962963";"5.79080709373869";"0.875";"13.59375";"2016"
"386";"Guarapari - ES";"0.380967287525434";"0.371263108467679";"1.01831964624131";"0.911560328490209";"4.11669948093789";"0.782608695652174";"16.6952662721894";"2016"
"387";"Ibatiba - ES";"0.132271468144044";"0.129501385041551";"1.07210031347962";"0.95141065830721";"5.82362728785358";"0.928571428571429";"19.25";"2016"
"388";"Ibiraçu - ES";"0.488656195462478";"0.448516579406632";"1.0364238410596";"0.97682119205298";"8.7463556851312";"0.888888888888889";"11.4038461538462";"2016"
"389";"Ibitirama - ES";"0.284883720930233";"0.273255813953488";"0.827242524916944";"0.740863787375415";"9.43396226415094";"1";"7.33333333333333";"2016"
"390";"Iconha - ES";"0.515981735159817";"0.484018264840183";"1.03731343283582";"0.951492537313433";"8.46660395108184";"1";"12.8541666666667";"2016"
"391";"Irupi - ES";"0.330472103004292";"0.309012875536481";"0.844632768361582";"0.757062146892655";"6.71140939597315";"1";"18.9285714285714";"2016"
"392";"Itaguaçu - ES";"0.320785597381342";"0.30278232405892";"1.09420289855072";"0.97463768115942";"11.0330992978937";"1";"10.8260869565217";"2016"
"393";"Itapemirim - ES";"0.577181208053691";"0.538461538461538";"1.196875";"1.090625";"9.9677513925535";"1";"16.7925925925926";"2016"
"394";"Itarana - ES";"0.587443946188341";"0.547085201793722";"1.12105263157895";"0.989473684210526";"19.6078431372549";"1";"18.1052631578947";"2016"
"395";"Iúna - ES";"0.207650273224044";"0.19344262295082";"0.952973720608575";"0.874135546334716";"6.70430486944248";"0.894736842105263";"13.275";"2016"
"396";"Jaguaré - ES";"0.387875536480687";"0.35568669527897";"1.07071960297767";"0.968982630272953";"5.09878903760357";"0.9375";"19.1282051282051";"2016"
"397";"Jerônimo Monteiro - ES";"0.303262955854127";"0.268714011516315";"0.99250936329588";"0.910112359550562";"6.58616904500549";"1";"14.5862068965517";"2016"
"398";"João Neiva - ES";"0.537484116899619";"0.499364675984752";"0.875311720698254";"0.800498753117207";"7.13775874375446";"0.9";"12.9";"2016"
"399";"Laranja da Terra - ES";"0.102272727272727";"0.0931818181818182";"1.11111111111111";"0.962962962962963";"14.745308310992";"1";"15.8333333333333";"2016"
"400";"Linhares - ES";"0.43541040798527";"0.401880027134412";"0.987667446310865";"0.899000637890708";"2.97960119184048";"0.865384615384615";"14.0850393700787";"2016"
"401";"Mantenópolis - ES";"0.347477064220183";"0.330275229357798";"1.04395604395604";"0.964285714285714";"6.44237652111668";"1";"13.1346153846154";"2016"
"402";"Marataízes - ES";"0.343155031731641";"0.318223028105168";"1.04045643153527";"0.940871369294606";"6.48298217179903";"0.916666666666667";"14.4262295081967";"2016"
"403";"Marechal Floriano - ES";"0.32995951417004";"0.398785425101215";"1.38440860215054";"1.08602150537634";"8.95140664961637";"0.928571428571429";"15.4081632653061";"2016"
"404";"Marilândia - ES";"0.180478821362799";"0.252302025782689";"1.36160714285714";"1.05803571428571";"10.1580135440181";"1";"13.8076923076923";"2016"
"405";"Mimoso do Sul - ES";"0.259628154050465";"0.251660026560425";"0.957597173144876";"0.879858657243816";"6.7710537452391";"1";"13.5217391304348";"2016"
"406";"Montanha - ES";"0.510204081632653";"0.470315398886827";"0.952813067150635";"0.858439201451906";"4.82573726541555";"0.888888888888889";"16.5384615384615";"2016"
"407";"Mucurici - ES";"0.359183673469388";"0.326530612244898";"0.9453125";"0.828125";"11.1358574610245";"1";"13.9333333333333";"2016"
"408";"Muniz Freire - ES";"0.269700332963374";"0.283018867924528";"1.04288939051919";"0.866817155756208";"10.2171136653895";"1";"14.7234042553191";"2016"
"409";"Muqui - ES";"0.274755927475593";"0.245467224546722";"1.04180064308682";"0.935691318327974";"11.063829787234";"1";"17.8888888888889";"2016"
"410";"Nova Venécia - ES";"0.293057153816647";"0.261219792865363";"0.979591836734694";"0.883265306122449";"5.10884051532652";"0.91304347826087";"15.1951219512195";"2016"
"411";"Pancas - ES";"0.250229990800368";"0.218951241950322";"0.824295010845987";"0.737527114967462";"3.93258426966292";"0.857142857142857";"15.5238095238095";"2016"
"412";"Pedro Canário - ES";"0.185450208706023";"0.207513416815742";"0.910863509749304";"0.763231197771588";"3.23043790380474";"0.666666666666667";"16.3559322033898";"2016"
"413";"Pinheiros - ES";"0.166155732679338";"0.202942979767014";"1.05677419354839";"0.898064516129032";"4.32744320230797";"0.916666666666667";"18.0681818181818";"2016"
"414";"Piúma - ES";"0.326815642458101";"0.370577281191806";"1.16880733944954";"0.970642201834862";"6.83850604944766";"0.923076923076923";"14.7164179104478";"2016"
"415";"Ponto Belo - ES";"0.327790973871734";"0.299287410926366";"1.08379888268156";"1.06145251396648";"5.85651537335286";"1";"15.0909090909091";"2016"
"416";"Presidente Kennedy - ES";"0.627062706270627";"0.582508250825083";"1.07516339869281";"0.993464052287582";"15.8878504672897";"1";"14.0816326530612";"2016"
"417";"Rio Bananal - ES";"0.263467189030362";"0.274240940254652";"1.17634408602151";"1.02150537634409";"8.66551126516464";"1";"13.4745762711864";"2016"
"418";"Rio Novo do Sul - ES";"0.454361054766734";"0.421906693711968";"1.01083032490975";"0.924187725631769";"10.0783874580067";"0.888888888888889";"12";"2016"
"419";"Santa Leopoldina - ES";"0.261092150170648";"0.261092150170648";"0.992125984251969";"0.881889763779528";"14.8305084745763";"1";"13.9655172413793";"2016"
"420";"Santa Maria de Jetibá - ES";"0.270628683693517";"0.253438113948919";"0.979807692307692";"0.897115384615385";"8.13236118900729";"1";"17.2527472527473";"2016"
"421";"Santa Teresa - ES";"0.313883299798793";"0.28672032193159";"1.06666666666667";"0.986666666666667";"9.6921322690992";"1";"12.6231884057971";"2016"
"422";"São Domingos do Norte - ES";"0.265124555160142";"0.217081850533808";"1.05729166666667";"0.963541666666667";"12.0048019207683";"1";"16.7619047619048";"2016"
"423";"São Gabriel da Palha - ES";"0.278323848939472";"0.257113295395758";"0.901373283395755";"0.805243445692884";"3.46238589864652";"0.909090909090909";"17.5";"2016"
"424";"São José do Calçado - ES";"0.261180679785331";"0.31484794275492";"0.941780821917808";"0.729452054794521";"8.04828973843058";"0.875";"12.7575757575758";"2016"
"425";"São Mateus - ES";"0.271983020012129";"0.235748938750758";"0.999709471237653";"0.904416037187682";"7.4048855221721";"0.896551724137931";"13.9538043478261";"2016"
"426";"São Roque do Canaã - ES";"0.256239600665557";"0.236272878535774";"1.11587982832618";"1.01287553648069";"7.39957716701903";"1";"12.9375";"2016"
"427";"Serra - ES";"0.217926128948055";"0.190322370138345";"0.933166812934584";"0.84574360359144";"1.72831620672165";"0.739130434782609";"17.285472972973";"2016"
"428";"Sooretama - ES";"0.351274787535411";"0.321057601510859";"0.977541371158392";"0.879432624113475";"3.21543408360129";"1";"17.8522727272727";"2016"
"429";"Vargem Alta - ES";"0.235099337748344";"0.218543046357616";"1.10373443983402";"0.989626556016598";"7.7120822622108";"0.933333333333333";"18.9767441860465";"2016"
"430";"Venda Nova do Imigrante - ES";"0.645129224652087";"0.596421471172962";"1.05513307984791";"0.963878326996198";"6.71140939597315";"0.833333333333333";"12.9462365591398";"2016"
"431";"Viana - ES";"0.411915289737026";"0.370723760763323";"0.981262327416174";"0.878698224852071";"2.96936158725874";"0.909090909090909";"20.8888888888889";"2016"
"432";"Vila Pavão - ES";"0.165591397849462";"0.148387096774194";"1.02293577981651";"0.940366972477064";"8.7173100871731";"1";"15";"2016"
"433";"Vila Valério - ES";"0.447236180904523";"0.413735343383585";"1.26774193548387";"1.14838709677419";"6.5359477124183";"1";"16.9230769230769";"2016"
"434";"Vila Velha - ES";"0.19951296620669";"0.191053958217627";"0.907274506605774";"0.813978143859077";"2.09264719870636";"0.420454545454545";"19.6699875466999";"2016"
"435";"Vitória - ES";"0.679979720594863";"0.655193780982425";"0.984569271758437";"0.896980461811723";"2.96471038286206";"0.526881720430108";"16.6664";"2016"
"436";"Espírito Santo";"1.55503089143866";"1.47413945278023";"0.969709420656837";"0.870553161400055";"4.47964314066457";"0.847498493068113";"15.9784233935838";"2016"
"437";"Afonso Cláudio - ES";"0.309356408869659";"0.294753921038399";"0.891727493917275";"0.801703163017032";"6.56383327863472";"1";"11.1538461538462";"2017"
"438";"Águia Branca - ES";"0.282732447817837";"0.320683111954459";"1.21359223300971";"1.0873786407767";"8.14901047729919";"1";"10.9714285714286";"2017"
"439";"Água Doce do Norte - ES";"0.131386861313869";"0.121167883211679";"0.996845425867508";"0.883280757097792";"6.93842150910668";"1";"16.9166666666667";"2017"
"440";"Alegre - ES";"0.577826725403818";"0.519089574155653";"0.829619921363041";"0.73132372214941";"10.6466876971609";"0.888888888888889";"14.0816326530612";"2017"
"441";"Alfredo Chaves - ES";"0.303980699638118";"0.284680337756333";"1.2129963898917";"1.13357400722022";"13.0293159609121";"1";"11.2978723404255";"2017"
"442";"Alto Rio Novo - ES";"0.359897172236504";"0.341902313624679";"1.30167597765363";"1.14525139664804";"13.4328358208955";"1";"13.8148148148148";"2017"
"443";"Anchieta - ES";"0.814787701317716";"0.761346998535871";"0.994968553459119";"0.905660377358491";"13.0168453292496";"0.882352941176471";"10.875";"2017"
"444";"Apiacá - ES";"0.240875912408759";"0.257907542579075";"1.19424460431655";"1.13669064748201";"10.8191653786708";"1";"13.25";"2017"
"445";"Aracruz - ES";"0.290820753079993";"0.389901093180635";"1.27282491944146";"0.989616899391335";"3.67500993245928";"0.810810810810811";"15.3584905660377";"2017"
"446";"Atílio Vivacqua - ES";"0.642259414225941";"0.619246861924686";"1.16040955631399";"1.04095563139932";"10.7181136120043";"1";"12.2244897959184";"2017"
"447";"Baixo Guandu - ES";"0.439774153074028";"0.414680050188206";"1.01470588235294";"0.897058823529412";"12.0746432491767";"0.909090909090909";"8.98726114649681";"2017"
"448";"Barra de São Francisco - ES";"0.243761996161228";"0.226871401151631";"0.876811594202899";"0.801932367149758";"6.46311566748384";"0.931034482758621";"18.5376344086022";"2017"
"449";"Boa Esperança - ES";"0.372062663185379";"0.352480417754569";"1.0814606741573";"0.960674157303371";"6.0790273556231";"1";"15.9512195121951";"2017"
"450";"Bom Jesus do Norte - ES";"0.55";"0.563636363636364";"1.18264840182648";"1.01369863013699";"7.8125";"0.833333333333333";"16.6666666666667";"2017"
"451";"Brejetuba - ES";"0.263085399449036";"0.209366391184573";"1.00769230769231";"0.946153846153846";"8.54700854700855";"1";"13.3548387096774";"2017"
"452";"Cachoeiro de Itapemirim - ES";"0.507719996211045";"0.477692526285877";"0.884927964536387";"0.790543036571851";"3.55343410236012";"0.895522388059702";"17.4680483592401";"2017"
"453";"Cariacica - ES";"0.138710719394583";"0.118268653961515";"0.883073589465789";"0.795816318026502";"2.17875835816784";"0.563218390804598";"17.0175438596491";"2017"
"454";"Castelo - ES";"0.457359009628611";"0.433975240715268";"0.952819332566168";"0.86536248561565";"7.529580494801";"0.904761904761905";"16.2282608695652";"2017"
"455";"Colatina - ES";"0.552884615384615";"0.508461538461538";"0.993252840909091";"0.899147727272727";"8.18639798488665";"0.897435897435897";"15.3066298342541";"2017"
"456";"Conceição da Barra - ES";"0.381792183031459";"0.34699714013346";"1.05131414267835";"0.947434292866083";"4.54821103699212";"1";"18.8620689655172";"2017"
"457";"Conceição do Castelo - ES";"0.481546572934974";"0.456942003514938";"1.06134969325153";"0.966257668711656";"9.32835820895522";"1";"12.156862745098";"2017"
"458";"Divino de São Lourenço - ES";"0.0669642857142857";"0.0535714285714286";"0.981651376146789";"0.908256880733945";"5.1413881748072";"1";"17.4285714285714";"2017"
"459";"Domingos Martins - ES";"0.395300621976503";"0.38217000691085";"0.987442922374429";"0.896118721461187";"12.5448028673835";"0.971428571428571";"14.37";"2017"
"460";"Dores do Rio Preto - ES";"0.134110787172012";"0.116618075801749";"1.19480519480519";"1.07792207792208";"8.9126559714795";"1";"17.4615384615385";"2017"
"461";"Ecoporanga - ES";"0.558415841584158";"0.533663366336634";"0.982456140350877";"0.863157894736842";"9.48866631523458";"1";"19.5961538461538";"2017"
"462";"Fundão - ES";"0.292660550458716";"0.261467889908257";"1.03413654618474";"0.939759036144578";"3.28407224958949";"1";"16.68";"2017"
"463";"Governador Lindenberg - ES";"0.326949384404925";"0.305061559507524";"1.1353711790393";"1.04366812227074";"7.47663551401869";"1";"8.04838709677419";"2017"
"464";"Guaçuí - ES";"0.416264645072364";"0.390764989662302";"0.866369710467706";"0.789532293986637";"5.72041473006793";"0.875";"13.959595959596";"2017"
"465";"Guarapari - ES";"0.394375199744327";"0.375519335250879";"1.02723242558581";"0.921469284357188";"4.20920651979223";"0.787234042553192";"16.5610465116279";"2017"
"466";"Ibatiba - ES";"0.162464985994398";"0.165966386554622";"1.07389937106918";"0.94811320754717";"5.82847626977519";"0.928571428571429";"18";"2017"
"467";"Ibiraçu - ES";"0.558303886925795";"0.512367491166078";"1.00322580645161";"0.938709677419355";"8.67888138862102";"0.888888888888889";"11.1964285714286";"2017"
"468";"Ibitirama - ES";"0.474509803921569";"0.441176470588235";"0.907473309608541";"0.790035587188612";"9.63597430406852";"1";"11.2093023255814";"2017"
"469";"Iconha - ES";"0.5";"0.46177370030581";"1.02491103202847";"0.932384341637011";"8.36431226765799";"1";"13.9772727272727";"2017"
"470";"Irupi - ES";"0.327407407407407";"0.308148148148148";"1.00313479623824";"0.921630094043887";"9.50734658599827";"1";"16.3939393939394";"2017"
"471";"Itaguaçu - ES";"0.403508771929825";"0.382456140350877";"1.1984126984127";"1.09920634920635";"11.3052415210689";"1";"11.3191489361702";"2017"
"472";"Itapemirim - ES";"0.616684266103485";"0.57286166842661";"1.15826612903226";"1.0625";"10.455997676445";"1";"16.3169014084507";"2017"
"473";"Itarana - ES";"0.627272727272727";"0.586363636363636";"1.12953367875648";"1.03108808290155";"17.5438596491228";"1";"16.1818181818182";"2017"
"474";"Iúna - ES";"0.197701149425287";"0.198275862068966";"1.16360856269113";"1.03516819571865";"7.59493670886076";"0.904761904761905";"13.641975308642";"2017"
"475";"Jaguaré - ES";"0.406267179769104";"0.373831775700935";"0.959908361970218";"0.868270332187858";"5.61622464898596";"0.944444444444444";"19.2368421052632";"2017"
"476";"Jerônimo Monteiro - ES";"0.317307692307692";"0.278846153846154";"1.05284552845528";"0.939024390243902";"5.61797752808989";"1";"15.7037037037037";"2017"
"477";"João Neiva - ES";"0.482412060301508";"0.447236180904523";"0.918269230769231";"0.822115384615385";"7.06214689265537";"0.9";"13.6785714285714";"2017"
"478";"Laranja da Terra - ES";"0.174712643678161";"0.15632183908046";"1.28795811518325";"1.15706806282723";"16.6435506241331";"1";"16.9473684210526";"2017"
"479";"Linhares - ES";"0.453448105273573";"0.414860987434451";"0.97416509136736";"0.880697332493174";"3.02684180468304";"0.867924528301887";"14.1627906976744";"2017"
"480";"Mantenópolis - ES";"0.353216374269006";"0.321637426900585";"0.997084548104956";"0.921282798833819";"7.99418604651163";"1";"13.7826086956522";"2017"
"481";"Marataízes - ES";"0.365130077590141";"0.338201734367869";"1.03045186640472";"0.945972495088409";"6.38977635782748";"0.916666666666667";"14.792";"2017"
"482";"Marechal Floriano - ES";"0.46984126984127";"0.42962962962963";"1.17741935483871";"1.06182795698925";"8.95140664961637";"0.928571428571429";"15.4736842105263";"2017"
"483";"Marilândia - ES";"0.286751361161524";"0.266787658802178";"1.11344537815126";"1.03361344537815";"10";"1";"14.1";"2017"
"484";"Mimoso do Sul - ES";"0.255177020708083";"0.243820975283901";"0.873310810810811";"0.788851351351351";"6.27877773126831";"1";"14.5";"2017"
"485";"Montanha - ES";"0.493756003842459";"0.461095100864553";"1.01754385964912";"0.929824561403509";"4.92610837438424";"0.888888888888889";"12.4819277108434";"2017"
"486";"Mucurici - ES";"0.432314410480349";"0.40174672489083";"0.816901408450704";"0.767605633802817";"10.7991360691145";"1";"14.3333333333333";"2017"
"487";"Muniz Freire - ES";"0.351197263397948";"0.323831242873432";"0.940552016985138";"0.861995753715499";"7.52823086574655";"1";"15.3265306122449";"2017"
"488";"Muqui - ES";"0.331838565022422";"0.292974588938714";"1.01315789473684";"0.927631578947368";"10.2739726027397";"1";"16.6129032258065";"2017"
"489";"Nova Venécia - ES";"0.300613496932515";"0.271855828220859";"0.902157164869029";"0.828967642526965";"5.46448087431694";"0.92";"15.801724137931";"2017"
"490";"Pancas - ES";"0.294545454545455";"0.264545454545455";"0.852248394004283";"0.779443254817987";"3.91937290033595";"0.857142857142857";"14.734693877551";"2017"
"491";"Pedro Canário - ES";"0.253704801422644";"0.217545939537641";"0.776243093922652";"0.730662983425414";"3.22349570200573";"0.666666666666667";"16.1803278688525";"2017"
"492";"Pinheiros - ES";"0.196090409285278";"0.193646915088577";"1.03328710124827";"0.941747572815534";"4.41338727473336";"0.916666666666667";"17.9387755102041";"2017"
"493";"Piúma - ES";"0.411821705426357";"0.424418604651163";"1.15248226950355";"0.971631205673759";"6.25";"0.916666666666667";"15.5797101449275";"2017"
"494";"Ponto Belo - ES";"0.405727923627685";"0.381861575178998";"1.26490066225166";"1.20529801324503";"6.10687022900763";"1";"14.8695652173913";"2017"
"495";"Presidente Kennedy - ES";"0.655948553054662";"0.604501607717042";"1.0521472392638";"0.95398773006135";"16.5137614678899";"1";"18";"2017"
"496";"Rio Bananal - ES";"0.318359375";"0.3203125";"1.07627118644068";"0.934322033898305";"8.63060989643268";"1";"16.5";"2017"
"497";"Rio Novo do Sul - ES";"0.510729613733906";"0.478540772532189";"1.04779411764706";"0.900735294117647";"9.00900900900901";"1";"12.7560975609756";"2017"
"498";"Santa Leopoldina - ES";"0.287234042553192";"0.281914893617021";"1.22727272727273";"1.14545454545455";"14.2857142857143";"1";"14.8965517241379";"2017"
"499";"Santa Maria de Jetibá - ES";"0.241309823677582";"0.221662468513854";"0.968968968968969";"0.876876876876877";"8.22695035460993";"1";"16.0777777777778";"2017"
"500";"Santa Teresa - ES";"0.36325237592397";"0.335797254487856";"0.996039603960396";"0.895049504950495";"9.80392156862745";"1";"12.3676470588235";"2017"
"501";"São Domingos do Norte - ES";"0.208711433756806";"0.165154264972777";"0.959537572254335";"0.872832369942196";"12.2850122850123";"1";"14.05";"2017"
"502";"São Gabriel da Palha - ES";"0.264219234746639";"0.2435367114788";"0.826086956521739";"0.749706227967098";"4.64828013634955";"0.933333333333333";"19.2698412698413";"2017"
"503";"São José do Calçado - ES";"0.231751824817518";"0.341240875912409";"1.1048951048951";"0.818181818181818";"8.09716599190283";"0.875";"11.972972972973";"2017"
"504";"São Mateus - ES";"0.305003849114704";"0.268514241724403";"0.981976744186047";"0.890406976744186";"7.49127436792373";"0.897727272727273";"13.7049608355091";"2017"
"505";"São Roque do Canaã - ES";"0.236628849270664";"0.20259319286872";"1.04484304932735";"0.95067264573991";"7.47863247863248";"1";"11.4848484848485";"2017"
"506";"Serra - ES";"0.21770754124376";"0.188150890997454";"0.902978220939386";"0.822421936499606";"1.71443479557229";"0.760869565217391";"16.8680497925311";"2017"
"507";"Sooretama - ES";"0.365991521431936";"0.336787564766839";"0.962585034013605";"0.866213151927438";"2.89268151576511";"1";"17.8681318681319";"2017"
"508";"Vargem Alta - ES";"0.256239600665557";"0.236272878535774";"1.05773195876289";"0.923711340206186";"8.2135523613963";"0.9375";"16.7551020408163";"2017"
"509";"Venda Nova do Imigrante - ES";"0.73010752688172";"0.68494623655914";"1.01701323251418";"0.935727788279773";"6.7001675041876";"0.833333333333333";"13.5222222222222";"2017"
"510";"Viana - ES";"0.445800093852651";"0.394885030502112";"0.977140077821012";"0.871108949416342";"2.6892564205997";"0.9";"21.478021978022";"2017"
"511";"Vila Pavão - ES";"0.131634819532909";"0.114649681528662";"0.893333333333333";"0.822222222222222";"9.87654320987654";"1";"13.8421052631579";"2017"
"512";"Vila Valério - ES";"0.463934426229508";"0.434426229508197";"1.07073954983923";"0.942122186495177";"6.52985074626866";"1";"15.4";"2017"
"513";"Vila Velha - ES";"0.208098411071246";"0.192977960020502";"0.876216302440581";"0.784893922475674";"2.05537705537706";"0.425287356321839";"19.6262376237624";"2017"
"514";"Vitória - ES";"0.678747940691928";"0.654774754303244";"0.953798654757967";"0.868563237402139";"2.95895641107222";"0.526881720430108";"16.5169902912621";"2017"
"515";"Espírito Santo";"1.65540028911682";"1.54897776554003";"0.953981664569477";"0.857252334503344";"4.46166522162925";"0.852142426071213";"15.928076418805";"2017"
